Product_ID,Product_Name,total_qty,total_sales,total_profit,profit_margin_pct,last_sale_date,days_since_last_sale
OFF-PA-10002960,"Xerox 1926",7,34.86,16.38,46.987952,2014-03-17,1382
OFF-PA-10000919,"Xerox 1918",4,155.04,75.97,49.000258,2014-03-17,1382
TEC-MA-10003626,"Hewlett-Packard Deskjet 6540 Color Inkjet Printer",6,1396.21,139.62,9.999928,2014-03-18,1381
TEC-MA-10002412,"Cisco TelePresence System EX90 Videoconferencing Unit",6,22638.48,-1811.08,-8.000007,2014-03-18,1381
OFF-AR-10004511,"Sanford Colorific Scented Colored Pencils, 12/Pack",11,47.08,14.59,30.989805,2014-06-02,1305
TEC-MA-10004521,"Epson Perfection V600 Photo Scanner",3,206.99,-172.49,-83.332528,2014-06-21,1286
OFF-AP-10000124,"Acco 6 Outlet Guardian Basic Surge Suppressor",7,38.27,-3.66,-9.563627,2014-07-21,1256
TEC-AC-10004814,"Logitech Illuminated Ultrathin Keyboard with Backlighting",3,170.97,70.10,41.001345,2014-07-26,1251
FUR-BO-10000711,"Hon Metal Bookcases, Gray",12,851.76,229.97,26.999389,2014-08-19,1227
TEC-PH-10001949,"Cisco SPA 501G IP Phone",3,213.48,16.01,7.499532,2014-08-27,1219
OFF-EN-10001749,"Jiffy Padded Mailers with Self-Seal Closure",2,29.81,10.81,36.262999,2014-08-29,1217
TEC-PH-10002075,"AT&T EL51110 DECT",3,377.97,109.61,28.999656,2014-09-07,1208
TEC-MA-10000029,"Epson WorkForce WF-2530 All-in-One Printer, Copier Scanner",4,279.96,120.39,43.002572,2014-09-12,1203
OFF-PA-10003543,"Xerox 1985",5,25.92,9.07,34.992284,2014-09-13,1202
OFF-ST-10001034,"Eldon File Chest Portable File",5,79.40,5.96,7.506297,2014-09-13,1202
OFF-AP-10003914,"Sanitaire Vibra Groomer IR Commercial Upright Vacuum, Replacement Belts",5,13.00,1.30,10.000000,2014-09-14,1201
TEC-MA-10004086,"Plantronics Single Ear Headset",5,29.93,-21.95,-73.337788,2014-09-17,1198
TEC-MA-10003353,"Xerox WorkCentre 6505DN Laser Multifunction Printer",7,2519.96,-252.00,-10.000159,2014-09-19,1196
OFF-PA-10003063,"EcoTones Memo Sheets",15,52.80,21.60,40.909091,2014-09-23,1192
FUR-TA-10004175,"Hon 30" x 60"" Table with Locking Drawer"",6,1296.03,-177.35,-13.684097,2014-09-29,1186
FUR-TA-10001866,"Bevis Round Conference Room Tables and Bases",4,519.94,-39.44,-7.585491,2014-10-03,1182
OFF-FA-10000254,"Sterling Rubber Bands by Alliance",5,19.78,-3.77,-19.059656,2014-10-03,1182
TEC-MA-10002694,"Hewlett-Packard Deskjet F4180 All-in-One Color Ink-jet - Printer / copier / scanner",2,101.99,-71.40,-70.006863,2014-10-10,1175
FUR-CH-10003761,"Global Italian Leather Office Chair",8,969.25,204.33,21.081248,2014-10-15,1170
OFF-BI-10000136,"Avery Non-Stick Heavy Duty View Round Locking Ring Binders",12,68.17,30.85,45.254511,2014-10-16,1169
TEC-PH-10002352,"Avaya IP Phone 1140E VoIP phone",5,1394.95,362.69,26.000215,2014-10-18,1167
TEC-AC-10000023,"Maxell 74 Minute CD-R Spindle, 50/Pack",24,503.28,181.19,36.001828,2014-11-02,1152
TEC-MA-10002927,"Canon imageCLASS MF7460 Monochrome Digital Laser Multifunction Copier",2,3991.98,1995.99,50.000000,2014-11-04,1150
TEC-MA-10003246,"Hewlett-Packard Deskjet D4360 Printer",4,447.97,139.99,31.249860,2014-11-04,1150
FUR-CH-10002758,"Hon Deluxe Fabric Upholstered Stacking Chairs, Squared Back",7,1268.69,73.19,5.768943,2014-11-07,1147
OFF-PA-10002259,"Geographics Note Cards, Blank, White, 8 1/2" x 11"""",8,76.09,29.54,38.822447,2014-11-18,1136
TEC-PH-10001128,"Motorola Droid Maxx",21,2609.82,341.98,13.103586,2014-11-18,1136
TEC-PH-10004875,"PNY Rapid USB Car Charger - Black",2,9.59,-2.08,-21.689260,2014-11-18,1136
OFF-AP-10002734,"Holmes Harmony HEPA Air Purifier for 17 x 20 Room",3,675.12,290.30,42.999763,2014-11-22,1132
OFF-EN-10004007,"Park Ridge Embossed Executive Business Envelopes",4,62.28,29.27,46.997431,2014-11-30,1124
OFF-AR-10002671,"Hunt BOSTON Model 1606 High-Volume Electric Pencil Sharpener, Beige",8,1113.02,111.30,9.999820,2014-12-05,1119
OFF-PA-10001457,"White GlueTop Scratch Pads",14,186.50,72.79,39.029491,2014-12-13,1111
FUR-FU-10002553,"Electrix Incandescent Magnifying Lamp, Black",5,117.28,-16.49,-14.060368,2014-12-13,1111
TEC-PH-10002817,"RCA ViSYS 25425RE1 Corded phone",3,323.98,36.45,11.250694,2014-12-19,1105
OFF-AP-10001391,"Kensington 6 Outlet MasterPiece HOMEOFFICE Power Control Center",9,812.16,235.53,29.000443,2015-02-15,1047
OFF-AR-10002704,"Boston 1900 Electric Pencil Sharpener",1,14.98,4.49,29.973298,2015-03-08,1026
FUR-FU-10003194,"Eldon Expressions Desk Accessory, Wood Pencil Holder, Oak",15,108.08,6.75,6.245374,2015-03-12,1022
OFF-FA-10003485,Staples,12,26.72,9.75,36.489521,2015-03-20,1014
TEC-MA-10003329,"Vtech AT&T CL2940 Corded Speakerphone, Black",3,71.98,24.29,33.745485,2015-04-02,1001
TEC-CO-10001766,"Canon PC940 Copier",15,5669.88,2092.46,36.904837,2015-04-16,987
TEC-MA-10004212,"Cisco SPA525G2 5-Line IP Phone",8,1379.92,648.56,46.999826,2015-04-27,976
TEC-AC-10001542,"SanDisk Cruzer 16 GB USB Flash Drive",10,107.91,14.93,13.835604,2015-05-03,970
OFF-PA-10000213,"Xerox 198",16,75.70,33.47,44.214003,2015-05-07,966
OFF-PA-10001952,"Xerox 1902",4,82.22,32.89,40.002432,2015-05-07,966
FUR-FU-10001986,"Dana Fluorescent Magnifying Lamp, White, 36""",14,581.17,81.56,14.033759,2015-05-20,953
OFF-AR-10000411,"Boston 16701 Slimline Battery Pencil Sharpener",6,86.08,19.13,22.223513,2015-05-28,945
TEC-PH-10001795,"RCA H5401RE1 DECT 6.0 4-Line Cordless Handset With Caller ID/Call Waiting",3,239.97,2.40,1.000125,2015-05-30,943
OFF-PA-10001661,"Xerox 1922",3,11.95,4.33,36.234310,2015-06-18,924
TEC-PH-10004830,"Pyle PRT45 Retro Home Telephone",4,201.57,22.68,11.251674,2015-06-23,919
FUR-FU-10004587,"GE General Use Halogen Bulbs, 100 Watts, 1 Bulb per Pack",15,163.33,3.14,1.922488,2015-06-25,917
OFF-PA-10004248,"Xerox 1990",8,36.96,13.73,37.148268,2015-07-08,904
TEC-AC-10002600,"Belkin QODE FastFit Bluetooth Keyboard",9,495.60,16.10,3.248588,2015-08-09,872
FUR-BO-10004690,"O'Sullivan Cherrywood Estates Traditional Barrister Bookcase",9,1072.34,-78.36,-7.307384,2015-08-09,872
OFF-PA-10001947,"Xerox 1974",10,57.41,26.91,46.873367,2015-08-21,860
TEC-MA-10000864,"Cisco 9971 IP Video Phone Charcoal",16,4268.00,466.40,10.927835,2015-08-24,857
OFF-PA-10002968,"Xerox 1973",8,169.02,70.35,41.622293,2015-08-27,854
TEC-PH-10004959,"Classic Ivory Antique Telephone ZL1810",4,341.67,40.19,11.762812,2015-09-03,847
TEC-PH-10002680,"Samsung Galaxy Note 3",13,2155.90,154.00,7.143188,2015-09-07,843
FUR-FU-10002379,"Eldon Econocleat Chair Mats for Low Pile Carpets",8,331.76,39.81,11.999638,2015-09-13,837
OFF-PA-10001450,"Rediform S.O.S. Phone Message Books",4,19.92,9.76,48.995984,2015-09-18,832
TEC-PH-10000730,"Samsung Galaxy S4 Active",8,3999.92,1039.98,26.000020,2015-09-18,832
FUR-FU-10003464,"Seth Thomas 8 1/2" Cubicle Clock"",11,210.91,59.22,28.078327,2015-09-19,831
TEC-AC-10001590,"Dell Slim USB Multimedia Keyboard",5,125.00,30.00,24.000000,2015-09-26,824
TEC-MA-10002859,"Ativa MDM8000 8-Sheet Micro-Cut Shredder",11,917.90,393.26,42.843447,2015-09-26,824
TEC-AC-10000710,"Maxell DVD-RAM Discs",18,296.64,127.55,42.998247,2015-10-23,797
TEC-MA-10000597,"Lexmark S315 Color Inkjet Printer",5,299.97,34.99,11.664500,2015-10-30,790
TEC-MA-10004552,"Star Micronics TSP100 TSP143LAN Receipt Printer",4,1035.80,269.31,26.000193,2015-10-30,790
OFF-AR-10004272,"Newell 308",5,8.40,2.10,25.000000,2015-10-31,789
TEC-PH-10002597,"Xblue XB-1670-86 X16 Small Office Telephone - Titanium",5,604.75,132.29,21.875155,2015-11-01,788
OFF-AP-10003099,"Eureka Hand Vacuum, Bagless",4,197.72,55.36,27.999191,2015-11-02,787
TEC-AC-10001956,"Microsoft Arc Touch Mouse",7,359.70,91.12,25.332221,2015-11-08,781
FUR-FU-10002240,"Nu-Dell EZ-Mount Plastic Wall Frames",8,19.70,0.79,4.010152,2015-11-08,781
OFF-EN-10000781,"#10- 4 1/8" x 9 1/2"" Recycled Envelopes"",10,75.16,28.84,38.371474,2015-11-09,780
TEC-MA-10000045,"Zebra ZM400 Thermal Label Printer",6,6965.70,3343.53,47.999914,2015-11-09,780
TEC-PH-10003174,"RCA ViSYS 25825 Wireless digital phone",7,727.95,91.00,12.500859,2015-11-17,772
OFF-BI-10001758,"Wilson Jones 14 Line Acrylic Coated Pressboard Data Binders",23,100.39,35.30,35.162865,2015-11-20,769
FUR-FU-10002874,"Ultra Commercial Grade Dual Valve Door Closer",2,63.82,9.57,14.995299,2015-11-20,769
TEC-MA-10002790,"NeatDesk Desktop Scanner & Digital Filing System",2,479.99,56.00,11.666910,2015-11-20,769
TEC-AC-10002718,"Belkin Standard 104 key USB Keyboard",21,265.54,5.10,1.920615,2015-11-21,768
OFF-AP-10004136,"Kensington 6 Outlet SmartSocket Surge Protector",6,147.53,-36.88,-24.998305,2015-11-21,768
TEC-AC-10004127,"SanDisk Cruzer 8 GB USB Flash Drive",4,27.17,-1.36,-5.005521,2015-11-22,767
OFF-PA-10001274,"Loose Memo Sheets",5,18.25,8.58,47.013699,2015-11-26,763
FUR-FU-10003930,"Howard Miller 12-3/4 Diameter Accuwave DS Wall Clock",14,786.90,147.94,18.800356,2015-11-26,763
FUR-BO-10002916,"Rush Hierlooms Collection 1" Thick Stackable Bookcases"",15,2487.76,410.36,16.495160,2015-11-27,762
OFF-AR-10003723,"Avery Hi-Liter Fluorescent Desk Style Markers",6,20.28,7.50,36.982249,2015-12-04,755
FUR-FU-10002111,"Master Caster Door Stop, Large Brown",10,59.70,14.56,24.388610,2015-12-04,755
OFF-AR-10002952,"Stanley Contemporary Battery Pencil Sharpeners",24,293.70,63.01,21.453864,2015-12-06,753
TEC-PH-10001578,"Polycom SoundStation2 EX Conference phone",12,3968.51,518.34,13.061325,2015-12-06,753
OFF-PA-10000048,"Xerox 20",1,6.48,3.11,47.993827,2015-12-06,753
TEC-AC-10002550,"Maxell 4.7GB DVD-RW 3/Pack",10,146.56,41.42,28.261463,2015-12-10,749
OFF-AR-10001149,"Avery Hi-Liter Comfort Grip Fluorescent Highlighter, Yellow Ink",4,7.80,3.04,38.974359,2015-12-10,749
OFF-AR-10001473,"Newell 313",10,28.21,4.27,15.136476,2015-12-11,748
TEC-AC-10004396,"Logitech Keyboard K120",12,174.24,-19.60,-11.248852,2015-12-11,748
OFF-PA-10001166,"Xerox 1932",3,85.06,28.71,33.752645,2015-12-11,748
OFF-PA-10004948,"Xerox 190",6,29.88,14.04,46.987952,2015-12-16,743
OFF-LA-10004008,"Avery 507",10,24.19,8.64,35.717239,2015-12-18,741
TEC-PH-10002922,"ShoreTel ShorePhone IP 230 VoIP phone",21,2906.62,422.47,14.534752,2015-12-19,740
OFF-AP-10003860,"Fellowes Advanced 8 Outlet Surge Suppressor with Phone/Fax Protection",10,244.29,41.64,17.045315,2015-12-19,740
OFF-ST-10000107,"Fellowes Super Stor/Drawer",18,477.30,67.72,14.188142,2015-12-20,739
TEC-AC-10003198,"Enermax Acrylux Wireless Keyboard",29,2450.16,630.47,25.731789,2015-12-21,738
TEC-MA-10004241,"Star Micronics TSP800 TSP847IIU Receipt Printer",4,1286.85,360.31,27.999378,2015-12-21,738
OFF-FA-10002815,Staples,13,50.61,20.02,39.557400,2015-12-26,733
TEC-PH-10000486,"Plantronics HL10 Handset Lifter",24,2227.01,250.54,11.250062,2015-12-27,732
OFF-SU-10003936,"Acme Serrated Blade Letter Opener",5,13.99,-1.75,-12.508935,2015-12-29,730
OFF-BI-10004139,"Fellowes Presentation Covers for Comb Binding Machines",14,133.86,21.82,16.300613,2015-12-31,728
OFF-AR-10003477,"4009 Highlighters",6,8.04,2.73,33.955224,2016-01-23,705
TEC-PH-10004241,"Nokia Lumia 1020",4,1439.97,144.00,10.000208,2016-01-30,698
TEC-MA-10001127,"HP Designjet T520 Inkjet Large Format Printer - 24" Color"",12,18374.90,4094.98,22.285727,2016-02-02,695
FUR-FU-10004091,"Eldon 200 Class Desk Accessories, Black",12,75.36,28.64,38.004246,2016-02-05,692
OFF-LA-10004425,"Staple-on labels",21,53.76,21.58,40.141369,2016-02-19,678
TEC-PH-10002398,"AT&T 1070 Corded Phone",12,1070.30,133.80,12.501168,2016-02-22,675
TEC-MA-10003979,"Ativa V4110MDD Micro-Cut Shredder",11,7699.89,3772.95,49.000051,2016-03-01,667
TEC-PH-10003535,"RCA ViSYS 25423RE1 Corded phone",2,159.98,14.00,8.751094,2016-03-01,667
TEC-MA-10001016,"Canon PC170 Desktop Personal Copier",6,575.82,67.18,11.666840,2016-03-03,665
OFF-AP-10004233,"Honeywell Enviracaire Portable Air Cleaner for up to 8 x 10 Room",9,299.20,-177.23,-59.234626,2016-03-08,660
OFF-PA-10004405,"Rediform Voice Mail Log Books",11,29.20,12.16,41.643836,2016-03-10,658
OFF-AP-10000326,"Belkin 7 Outlet SurgeMaster Surge Protector with Phone Protection",5,157.92,17.77,11.252533,2016-03-13,655
OFF-SU-10000151,"High Speed Automatic Electric Letter Opener",11,17030.31,-262.00,-1.538434,2016-03-13,655
OFF-ST-10003641,"Space Solutions Industrial Galvanized Steel Shelving.",7,520.08,-20.49,-3.939778,2016-03-13,655
FUR-FU-10000409,"GE 4 Foot Flourescent Tube, 40 Watt",7,98.87,42.24,42.722767,2016-03-19,649
FUR-BO-10004357,"O'Sullivan Living Dimensions 3-Shelf Bookcases",17,2904.16,-170.84,-5.882596,2016-03-24,644
OFF-PA-10001243,"Xerox 1983",5,29.90,14.65,48.996656,2016-03-28,640
OFF-PA-10000466,"Memo Book, 100 Message Capacity, 5 3/8” x 11”",12,76.84,36.40,47.371161,2016-03-29,639
OFF-AR-10004974,"Newell 342",3,9.84,2.85,28.963415,2016-04-01,636
OFF-ST-10001627,"Eldon Jumbo ProFile Portable File Boxes Graphite/Black",3,36.74,3.67,9.989113,2016-04-07,630
OFF-BI-10004716,"Wilson Jones Hanging Recycled Pressboard Data Binders",4,32.64,1.78,5.453431,2016-04-10,627
OFF-AP-10004980,"3M Replacement Filter for Office Air Cleaner for 20' x 33' Room",14,303.36,-20.47,-6.747758,2016-04-10,627
OFF-SU-10003567,"Stiletto Hand Letter Openers",17,136.32,-21.99,-16.131162,2016-04-16,621
OFF-AR-10003190,"Newell 32",17,47.23,11.99,25.386407,2016-04-22,615
OFF-BI-10001982,"Wilson Jones Custom Binder Spines & Labels",22,41.35,-19.69,-47.617896,2016-04-25,612
OFF-PA-10003936,"Xerox 1994",13,76.46,32.65,42.702066,2016-05-01,606
OFF-AR-10003217,"Newell 316",11,46.94,8.22,17.511717,2016-05-03,604
TEC-MA-10003589,"Cisco 8961 IP Phone Charcoal",3,224.94,-164.95,-73.330666,2016-05-03,604
OFF-PA-10001001,"Snap-A-Way Black Print Carbonless Speed Message, No Reply Area, Duplicate",4,93.25,31.47,33.747989,2016-05-05,602
OFF-ST-10002011,"Smead Adjustable Mobile File Trolley with Lockable Top",12,4778.77,1106.66,23.157842,2016-05-08,599
OFF-EN-10001535,"Grip Seal Envelopes",2,7.07,2.39,33.804809,2016-05-10,597
OFF-PA-10002751,"Xerox 1920",15,89.70,40.37,45.005574,2016-05-11,596
TEC-PH-10001835,"Jawbone JAMBOX Wireless Bluetooth Speaker",14,2022.27,872.10,43.124805,2016-05-12,595
OFF-PA-10003591,"Southworth 100% Cotton The Best Paper",15,151.54,65.44,43.183318,2016-05-21,586
TEC-MA-10000112,"Panasonic KX MB2061 Multifunction Printer",10,2396.40,179.73,7.500000,2016-05-21,586
OFF-PA-10003349,"Xerox 1957",17,95.90,39.73,41.428571,2016-06-04,572
FUR-FU-10002505,"Eldon 100 Class Desk Accessories",18,36.39,-4.84,-13.300357,2016-06-04,572
FUR-BO-10000362,"Sauder Inglewood Library Bookcases",14,2154.35,311.18,14.444264,2016-06-04,572
OFF-PA-10000210,"Xerox Blank Computer Paper",5,99.90,46.95,46.996997,2016-06-06,570
OFF-PA-10004000,"While You Were Out Pads, 50 per Pad, 4 x 5 1/4, Green Cycle",13,50.13,18.79,37.482545,2016-06-07,569
TEC-MA-10002937,"Canon Color ImageCLASS MF8580Cdw Wireless Laser All-In-One Printer, Copier, Scanner",3,1007.98,43.20,4.285799,2016-06-12,564
TEC-MA-10003493,"Penpower WorldCard Pro Card Scanner",1,91.48,-1.83,-2.000437,2016-06-16,560
OFF-PA-10000587,"Array Parchment Paper, Assorted Colors",15,106.29,49.51,46.580111,2016-06-17,559
FUR-TA-10003715,"Hon 2111 Invitation Series Corner Table",18,3140.56,-402.00,-12.800265,2016-06-17,559
OFF-ST-10001469,"Fellowes Bankers Box Recycled Super Stor/Drawer",24,1187.56,-30.22,-2.544714,2016-06-20,556
FUR-BO-10003272,"O'Sullivan Living Dimensions 5-Shelf Bookcases",21,3420.77,-755.76,-22.093271,2016-06-21,555
OFF-LA-10001934,"Avery 516",15,109.65,51.54,47.004104,2016-06-23,553
TEC-MA-10000984,"Okidata MB760 Printer",7,7834.40,881.37,11.250000,2016-06-24,552
TEC-AC-10003133,"Memorex Mini Travel Drive 4 GB USB 2.0 Flash Drive",2,13.62,3.57,26.211454,2016-06-26,550
TEC-PH-10004434,"Cisco IP Phone 7961G VoIP phone - Dark gray",12,1386.69,228.40,16.470877,2016-06-26,550
TEC-AC-10001635,"KeyTronic KT400U2 - Keyboard - Black",15,148.03,24.67,16.665541,2016-07-01,545
OFF-AR-10003986,"Avery Hi-Liter Pen Style Six-Color Fluorescent Set",2,7.70,3.16,41.038961,2016-07-02,544
TEC-PH-10001198,"Avaya 4621SW VoIP phone",12,709.92,79.88,11.251972,2016-07-04,542
TEC-PH-10002310,"Panasonic KX T7731-B Digital phone",8,659.93,75.99,11.514858,2016-07-07,539
TEC-MA-10000904,"Brother MFC-9340CDW LED All-In-One Printer, Copier Scanner",3,341.99,-319.19,-93.333138,2016-07-10,536
TEC-PH-10003963,"GE 2-Jack Phone Line Splitter",11,1771.52,94.76,5.349079,2016-07-16,530
OFF-BI-10000042,"Pressboard Data Binder, Crimson, 12" X 8 1/2"""",9,33.11,7.16,21.624887,2016-07-17,529
TEC-AC-10000487,"SanDisk Cruzer 4 GB USB Flash Drive",5,25.96,5.52,21.263482,2016-07-18,528
TEC-PH-10002070,"Griffin GC36547 PowerJolt SE Lightning Charger",10,175.41,17.99,10.255972,2016-07-19,527
TEC-MA-10004002,"Zebra GX420t Direct Thermal/Thermal Transfer Printer",14,5787.36,509.71,8.807297,2016-07-23,523
FUR-FU-10000073,"Deflect-O Glasstique Clear Desk Accessories",17,124.74,37.03,29.685746,2016-07-25,521
OFF-PA-10002120,"Xerox 1889",10,516.62,236.33,45.745422,2016-07-28,518
FUR-BO-10004409,"Safco Value Mate Series Steel Bookcases, Baked Enamel Finish on Steel, Gray",17,858.86,-9.95,-1.158512,2016-07-28,518
OFF-ST-10001713,"Gould Plastics 9-Pocket Panel Bin, 18-3/8w x 5-1/4d x 20-1/2h, Black",20,953.81,-63.59,-6.666946,2016-07-29,517
FUR-FU-10002918,"Eldon ClusterMat Chair Mat with Cordless Antistatic Protection",18,1200.93,-256.56,-21.363443,2016-07-31,515
FUR-TA-10001691,"Barricks Non-Folding Utility Table with Steel Legs, Laminate Tops",2,136.46,15.35,11.248718,2016-08-02,513
OFF-PA-10003270,"Xerox 1954",18,84.48,32.21,38.127367,2016-08-08,507
OFF-BI-10003529,"Avery Round Ring Poly Binders",17,36.92,12.29,33.288191,2016-08-13,502
OFF-PA-10004947,"Easy-staple paper",12,48.79,20.54,42.098791,2016-08-13,502
TEC-PH-10001530,"Plantronics Voyager Pro Legend",8,1359.54,173.03,12.727099,2016-08-14,501
TEC-MA-10000423,"Texas Instruments TI-34 Scientific Calculator",12,204.51,64.65,31.612146,2016-08-14,501
OFF-LA-10000452,"Avery 488",17,51.03,23.17,45.404664,2016-08-15,500
OFF-ST-10001505,"Perma STOR-ALL Hanging File Box, 13 1/8"W x 12 1/4""D x 10 1/2""H"",33,180.60,16.80,9.302326,2016-08-15,500
TEC-PH-10000369,"HTC One Mini",19,2041.03,317.50,15.555871,2016-08-15,500
OFF-SU-10002189,"Acme Rosewood Handle Letter Opener",12,43.67,-3.49,-7.991756,2016-08-23,492
OFF-PA-10003625,"Xerox 1979",11,328.39,140.96,42.924571,2016-08-26,489
OFF-AR-10004165,"Binney & Smith inkTank Erasable Pocket Highlighter, Chisel Tip, Yellow",12,25.99,10.67,41.054252,2016-08-26,489
OFF-ST-10003572,"Portfile Personal File Boxes",7,99.12,7.43,7.495964,2016-08-27,488
OFF-LA-10002473,"Avery 484",4,9.22,3.34,36.225597,2016-08-27,488
OFF-BI-10002160,"Acco Hanging Data Binders",17,41.92,8.22,19.608779,2016-09-01,483
TEC-PH-10002365,"Belkin Grip Candy Sheer Case / Cover for iPhone 5 and 5S",8,64.97,12.99,19.993843,2016-09-01,483
TEC-PH-10001530,"Cisco Unified IP Phone 7945G VoIP phone",26,6751.61,102.31,1.515342,2016-09-02,482
TEC-MA-10003230,"Okidata C610n Printer",3,1362.90,-19.47,-1.428571,2016-09-02,482
TEC-CO-10003763,"Canon PC1060 Personal Laser Copier",19,11619.83,4570.94,39.337409,2016-09-04,480
OFF-AR-10000896,"Newell 329",8,24.27,4.85,19.983519,2016-09-05,479
TEC-AC-10004761,"Maxell 4.7GB DVD+RW 3/Pack",17,264.44,88.41,33.432915,2016-09-06,478
OFF-PA-10004665,"Advantus Motivational Note Cards",20,227.94,94.33,41.383697,2016-09-06,478
TEC-AC-10004209,"Memorex Froggy Flash Drive 4 GB",14,136.28,42.42,31.127091,2016-09-08,476
OFF-PA-10000501,"Petty Cash Envelope",10,231.85,94.36,40.698728,2016-09-08,476
FUR-TA-10003569,"Bretford CR8500 Series Meeting Room Furniture",21,6776.57,461.13,6.804770,2016-09-08,476
OFF-AR-10000538,"Boston Model 1800 Electric Pencil Sharpener, Gray",15,405.36,109.80,27.087034,2016-09-10,474
OFF-ST-10004186,"Stur-D-Stor Shelving, Vertical 5-Shelf: 72"H x 36""W x 18 1/2""D"",23,2552.54,51.06,2.000360,2016-09-11,473
OFF-EN-10000056,"Cameo Buff Policy Envelopes",28,1555.75,632.25,40.639563,2016-09-11,473
OFF-PA-10001837,"Xerox 1976",7,36.29,12.70,34.995867,2016-09-11,473
TEC-PH-10001870,"Lunatik TT5L-002 Taktik Strike Impact Protection System for iPhone 5",6,281.66,6.12,2.172832,2016-09-12,472
OFF-PA-10000029,"Xerox 224",17,95.91,38.62,40.266917,2016-09-14,470
OFF-AR-10004930,"Turquoise Lead Holder with Pocket Clip",6,37.52,10.58,28.198294,2016-09-17,467
TEC-MA-10004458,"Lexmark X 9575 Professional All-in-One Color Printer",4,396.00,190.08,48.000000,2016-09-17,467
OFF-PA-10000533,"Southworth Parchment Paper & Envelopes",15,83.72,30.74,36.717630,2016-09-18,466
FUR-FU-10002107,"Eldon Pizzaz Desk Accessories",19,37.46,13.73,36.652429,2016-09-18,466
TEC-PH-10001299,"Polycom CX300 Desktop Phone USB VoIP phone",15,1679.88,60.00,3.571684,2016-09-18,466
OFF-BI-10002309,"Avery Heavy-Duty EZD Binder With Locking Rings",28,110.49,29.24,26.463933,2016-09-19,465
OFF-SU-10003002,"Letter Slitter",4,10.08,0.30,2.976190,2016-09-19,465
OFF-LA-10003148,"Avery 51",16,95.76,41.31,43.139098,2016-09-23,461
OFF-SU-10004737,"Acme Design Stainless Steel Bent Scissors",13,88.92,24.00,26.990553,2016-09-23,461
OFF-PA-10001569,"Xerox 232",19,120.53,56.50,46.876296,2016-09-24,460
OFF-BI-10001249,"Avery Heavy-Duty EZD View Binder with Locking Rings",41,170.99,29.72,17.381133,2016-09-24,460
FUR-FU-10000755,"Eldon Expressions Mahogany Wood Desk Collection",15,93.60,23.40,25.000000,2016-09-25,459
OFF-AP-10000576,"Belkin 7 Outlet SurgeMaster II",16,631.68,176.87,27.999937,2016-09-26,458
OFF-PA-10004022,"Hammermill Color Copier Paper (28Lb. and 96 Bright)",3,29.97,13.49,45.011678,2016-09-26,458
OFF-PA-10003971,"Xerox 1965",10,56.21,25.71,45.739192,2016-09-27,457
TEC-AC-10003399,"Memorex Mini Travel Drive 64 GB USB 2.0 Flash Drive",15,543.60,228.30,41.997792,2016-09-29,455
OFF-EN-10001099,"Staple envelope",18,160.39,65.34,40.738201,2016-10-03,451
TEC-MA-10001695,"Zebra GK420t Direct Thermal/Thermal Transfer Printer",6,703.71,-938.28,-133.333333,2016-10-06,448
TEC-MA-10001972,"Okidata C331dn Printer",12,3210.80,111.68,3.478261,2016-10-07,447
OFF-FA-10001883,"Alliance Super-Size Bands, Assorted Sizes",27,197.61,-10.36,-5.242650,2016-10-07,447
FUR-BO-10001567,"Bush Westfield Collection Bookcases, Dark Cherry Finish, Fully Assembled",3,90.88,-190.85,-210.002201,2016-10-10,444
FUR-FU-10001617,"Executive Impressions 8-1/2" Career Panel/Partition Cubicle Clock"",7,66.56,18.51,27.809495,2016-10-13,441
TEC-AC-10000865,"WD My Passport Ultra 500GB Portable External Hard Drive",12,708.00,120.36,17.000000,2016-10-14,440
OFF-PA-10002319,"Xerox 1944",16,573.65,257.36,44.863593,2016-10-14,440
OFF-ST-10002406,"Pizazz Global Quick File",24,353.29,94.61,26.779699,2016-10-21,433
OFF-AR-10002240,"Panasonic KP-150 Electric Pencil Sharpener",16,573.65,126.81,22.105814,2016-10-21,433
FUR-TA-10003238,"Chromcraft Bull-Nose Wood 48" x 96"" Rectangular Conference Tables"",11,4297.65,-611.59,-14.230801,2016-10-21,433
OFF-PA-10001801,"Xerox 193",13,77.74,38.09,48.996656,2016-10-21,433
OFF-PA-10003001,"Xerox 1986",13,85.50,40.35,47.192982,2016-10-22,432
FUR-FU-10003095,"Linden 12" Wall Clock With Oak Frame"",3,101.94,30.58,29.998038,2016-10-22,432
OFF-PA-10000595,"Xerox 1929",16,351.74,154.40,43.896060,2016-10-23,431
TEC-PH-10001061,"Apple iPhone 5C",15,1339.87,229.98,17.164352,2016-10-24,430
TEC-AC-10002637,"Logitech VX Revolution Cordless Laser Mouse for Notebooks (Black)",22,3743.80,21.59,0.576687,2016-10-24,430
OFF-AP-10001366,"Staple holder",17,186.66,50.40,27.000964,2016-10-27,427
OFF-PA-10002105,"Xerox 223",9,58.32,27.99,47.993827,2016-10-28,426
OFF-PA-10004734,"Southworth Structures Collection",10,72.80,36.40,50.000000,2016-10-28,426
OFF-AP-10003057,"Honeywell Enviracaire Portable HEPA Air Cleaner for 16' x 20' Room",14,3855.18,1503.52,38.999995,2016-11-03,420
OFF-AR-10003772,"Boston 16750 Black Compact Battery Pencil Sharpener",5,43.75,13.13,30.011429,2016-11-03,420
OFF-PA-10001725,"Xerox 1892",5,178.30,79.46,44.565339,2016-11-03,420
TEC-MA-10003337,"Okidata B401 Printer",3,179.99,-251.99,-140.002222,2016-11-03,420
OFF-SU-10002301,"Serrated Blade or Curved Handle Hand Letter Openers",9,23.86,-4.12,-17.267393,2016-11-04,419
OFF-PA-10000295,"Xerox 229",15,85.53,34.99,40.909622,2016-11-04,419
OFF-EN-10001434,"Strathmore #10 Envelopes, Ultimate White",12,632.52,309.93,48.999241,2016-11-05,418
FUR-TA-10002774,"Laminate Occasional Tables",18,2096.17,-206.54,-9.853208,2016-11-05,418
OFF-BI-10003963,"Cardinal Holdit Data Disk Pockets",16,100.46,38.73,38.552658,2016-11-05,418
TEC-AC-10004420,"Cherry 142-key Programmable Keyboard",4,479.72,52.77,11.000167,2016-11-05,418
FUR-FU-10003773,"Eldon Cleatmat Plus Chair Mats for High Pile Carpets",20,1304.13,-111.32,-8.535959,2016-11-06,417
OFF-ST-10003479,"Eldon Base for stackable storage shelf, platinum",25,872.26,-52.57,-6.026873,2016-11-07,416
FUR-FU-10002030,"Executive Impressions 14" Contract Wall Clock with Quartz Movement"",8,97.81,-1.77,-1.809631,2016-11-07,416
OFF-AR-10004999,"Newell 315",25,145.91,33.81,23.171818,2016-11-10,413
TEC-PH-10000562,"Samsung Convoy 3",9,688.14,-31.08,-4.516523,2016-11-10,413
OFF-PA-10001763,"Xerox 1896",5,49.95,22.48,45.005005,2016-11-12,411
FUR-TA-10003392,"Global Adaptabilities Conference Tables",14,3540.35,354.04,10.000141,2016-11-12,411
OFF-ST-10004258,"Portable Personal File Box",19,224.66,55.31,24.619425,2016-11-13,410
TEC-PH-10002114,"Xiaomi Mi3",4,2279.96,592.79,26.000018,2016-11-13,410
TEC-PH-10001644,"BlueLounge Milo Smartphone Stand, White/Metallic",12,335.89,76.78,22.858674,2016-11-14,409
FUR-FU-10002813,"DAX Contemporary Wood Frame with Silver Metal Mat, Desktop, 11 x 14 Size",15,291.46,97.16,33.335621,2016-11-14,409
TEC-PH-10003356,"SmartStand Mobile Device Holder, Assorted Colors",13,75.50,10.06,13.324503,2016-11-14,409
OFF-BI-10002437,"Recycled Premium Regency Composition Covers",9,110.02,39.88,36.247955,2016-11-18,405
OFF-AP-10002998,"Holmes 99% HEPA Air Purifier",17,333.57,86.85,26.036514,2016-11-18,405
OFF-BI-10003305,"Avery Hanging File Binders",26,105.84,21.87,20.663265,2016-11-19,404
OFF-EN-10003798,"Recycled Interoffice Envelopes with Re-Use-A-Seal Closure, 10 x 13",5,68.28,23.05,33.758055,2016-11-19,404
OFF-AR-10003770,"Newell 340",9,25.92,7.52,29.012346,2016-11-19,404
OFF-FA-10002983,"Advantus SlideClip Paper Clips",15,46.38,19.77,42.626132,2016-11-20,403
OFF-PA-10000955,"Southworth 25% Cotton Granite Paper & Envelopes",7,37.94,13.21,34.818134,2016-11-20,403
TEC-PH-10003357,"Grandstream GXP2100 Mainstream Business Phone",10,596.62,45.90,7.693339,2016-11-20,403
FUR-FU-10002088,"Nu-Dell Float Frame 11 x 14 1/2",22,170.63,56.03,32.837133,2016-11-23,400
FUR-FU-10000965,"Howard Miller 11-1/2" Diameter Ridgewood Wall Clock"",24,1184.23,448.77,37.895510,2016-11-24,399
OFF-PA-10001609,"Tops Wirebound Message Log Books",25,73.70,29.29,39.742198,2016-11-24,399
TEC-AC-10000420,"Logitech G500s Laser Gaming Mouse with Adjustable Weight Tuning",21,1399.80,429.73,30.699386,2016-11-24,399
TEC-PH-10004120,"AT&T 1080 Phone",13,1589.08,271.24,17.068996,2016-11-24,399
OFF-ST-10000689,"Fellowes Strictly Business Drawer File, Letter/Legal Size",33,4479.03,388.76,8.679558,2016-11-25,398
TEC-MA-10004255,"Konica Minolta magicolor 1690MF Multifunction Printer",8,319.92,118.37,36.999875,2016-11-25,398
TEC-AC-10004518,"Memorex Mini Travel Drive 32 GB USB 2.0 Flash Drive",14,280.00,109.20,39.000000,2016-11-25,398
TEC-AC-10000926,"NETGEAR RangeMax WNR1000 Wireless Router",3,59.98,12.00,20.006669,2016-11-25,398
TEC-AC-10003447,"Micropad Numeric Keypads",15,291.85,66.96,22.943293,2016-11-26,397
OFF-BI-10004352,"Wilson Jones DublLock D-Ring Binders",6,35.78,15.53,43.404136,2016-11-26,397
TEC-MA-10000010,"Hewlett-Packard Deskjet 3050a All-in-One Color Inkjet Printer",8,3040.00,1459.20,48.000000,2016-11-26,397
OFF-ST-10004337,"SAFCO Commercial Wire Shelving, 72h",24,1445.26,-24.50,-1.695197,2016-11-27,396
FUR-FU-10001889,"Ultra Door Pull Handle",27,265.11,74.78,28.207159,2016-11-27,396
OFF-AP-10003842,"Euro-Pro Shark Turbo Vacuum",24,693.95,143.73,20.711867,2016-11-27,396
FUR-FU-10003806,"Tenex Chairmat w/ Average Lip, 45" x 53"""",19,2058.50,-529.76,-25.735244,2016-11-29,394
OFF-PA-10004040,"Universal Premium White Copier/Laser Paper (20Lb. and 87 Bright)",24,129.17,55.97,43.330495,2016-12-01,392
FUR-CH-10004477,"Global Push Button Manager's Chair, Indigo",44,2185.96,283.74,12.980109,2016-12-01,392
OFF-ST-10002292,"Sauder Facets Collection Locker/File Cabinet, Sky Alder Finish",5,1706.51,222.59,13.043580,2016-12-01,392
OFF-AP-10001303,"Holmes Cool Mist Humidifier for the Whole House with 8-Gallon Output per Day, Extended Life Filter",9,147.26,48.77,33.118294,2016-12-02,391
FUR-FU-10003026,"Eldon Regeneration Recycled Desk Accessories, Black",9,39.69,13.12,33.056185,2016-12-02,391
FUR-BO-10003893,"Sauder Camden County Collection Library",16,1368.26,-103.49,-7.563621,2016-12-02,391
OFF-AP-10000179,"Honeywell Enviracaire Portable HEPA Air Cleaner for up to 10 x 16 Room",12,1320.17,417.02,31.588356,2016-12-03,390
OFF-PA-10001954,"Xerox 1964",33,721.74,314.73,43.607116,2016-12-03,390
FUR-TA-10004147,"Hon 4060 Series Tables",13,1231.56,96.29,7.818539,2016-12-03,390
FUR-FU-10001085,"3M Polarizing Light Filter Sleeves",14,216.34,75.35,34.829435,2016-12-03,390
OFF-ST-10000676,"Fellowes Econo/Stor Drawers",7,581.58,-56.22,-9.666770,2016-12-04,389
FUR-FU-10002671,"Electrix 20W Halogen Replacement Bulb for Zoom-In Desk Lamp",13,168.84,78.25,46.345653,2016-12-05,388
FUR-FU-10004748,"Howard Miller 16" Diameter Gallery Wall Clock"",12,575.46,107.42,18.666806,2016-12-05,388
FUR-BO-10002853,"O'Sullivan 5-Shelf Heavy-Duty Bookcases",9,540.80,-12.29,-2.272559,2016-12-05,388
OFF-PA-10000482,"Snap-A-Way Black Print Carbonless Ruled Speed Letter, Triplicate",28,1016.79,453.76,44.626717,2016-12-06,387
OFF-FA-10003467,"Alliance Big Bands Rubber Bands, 12/Pack",15,29.70,0.00,0.000000,2016-12-06,387
FUR-BO-10003450,"Bush Westfield Collection Bookcases, Dark Cherry Finish",14,649.38,-97.40,-14.998922,2016-12-08,385
OFF-PA-10003363,"Xerox 204",17,110.16,52.87,47.993827,2016-12-08,385
TEC-AC-10004877,"Imation 30456 USB Flash Drive 8GB",23,154.56,8.56,5.538302,2016-12-08,385
OFF-LA-10001474,"Avery 477",20,573.96,244.24,42.553488,2016-12-09,384
OFF-AR-10000475,"Hunt BOSTON Vista Battery-Operated Pencil Sharpener, Black",8,83.96,15.86,18.889948,2016-12-09,384
OFF-PA-10000659,"Adams Phone Message Book, Professional, 400 Message Capacity, 5 3/6” x 11”",14,94.93,43.14,45.444011,2016-12-10,383
OFF-ST-10001228,"Fellowes Personal Hanging Folder Files, Navy",24,284.72,52.64,18.488339,2016-12-10,383
OFF-AP-10002892,"Belkin F5C206VTEL 6 Outlet Surge",22,464.20,110.30,23.761310,2016-12-11,382
TEC-PH-10003273,"AT&T TR1909W",15,1738.67,340.18,19.565530,2016-12-11,382
OFF-BI-10004593,"Ibico Laser Imprintable Binding System Covers",34,1100.40,138.34,12.571792,2016-12-11,382
TEC-AC-10001267,"Imation 32GB Pocket Pro USB 3.0 Flash Drive - 32 GB - Black - 1 P ...",18,467.22,143.76,30.769231,2016-12-11,382
FUR-TA-10004619,"Hon Non-Folding Utility Tables",29,3775.66,541.66,14.346101,2016-12-11,382
OFF-PA-10001471,"Strathmore Photo Frame Cards",16,116.96,53.81,46.007182,2016-12-14,379
OFF-FA-10001754,"Stockwell Gold Paper Clips",5,8.10,3.40,41.975309,2016-12-16,377
OFF-LA-10000407,"Avery White Multi-Purpose Labels",20,95.62,41.83,43.746078,2016-12-18,375
FUR-FU-10003731,"Eldon Expressions Wood and Plastic Desk Accessories, Oak",15,149.70,41.92,28.002672,2016-12-18,375
OFF-PA-10003036,"Black Print Carbonless 8 1/2" x 8 1/4"" Rapid Memo Book"",11,64.06,20.83,32.516391,2016-12-18,375
OFF-BI-10000948,"GBC Laser Imprintable Binding System Covers, Desert Sand",17,146.99,18.40,12.517858,2016-12-19,374
FUR-FU-10004904,"Eldon "L"" Workstation Diamond Chairmat"",19,1002.93,-267.45,-26.666866,2016-12-19,374
FUR-FU-10002878,"Seth Thomas 14" Day/Date Wall Clock"",17,467.07,162.05,34.695014,2016-12-22,371
TEC-MA-10000752,"Texas Instrument TI-15 Fraction Calculator",8,41.91,-20.52,-48.962062,2016-12-22,371
TEC-PH-10004539,"Wireless Extenders zBoost YX545 SOHO Signal Booster",24,4044.39,733.28,18.130794,2016-12-23,370
OFF-ST-10003470,"Tennsco Snap-Together Open Shelving Units, Starter Sets and Add-On Units",25,6819.31,181.67,2.664053,2016-12-23,370
OFF-EN-10004773,"Staple envelope",15,433.72,196.72,45.356451,2016-12-23,370
OFF-LA-10002945,"Permanent Self-Adhesive File Folder Labels for Typewriters, 1 1/8 x 3 1/2, White",29,153.72,55.07,35.824876,2016-12-23,370
TEC-PH-10002645,"LG G2",5,1499.97,-374.99,-24.999833,2016-12-23,370
FUR-FU-10003192,"Luxo Adjustable Task Clamp Lamp",18,1545.82,362.47,23.448396,2016-12-24,369
FUR-CH-10004754,"Global Stack Chair with Arms, Black",31,803.47,125.01,15.558764,2016-12-25,368
TEC-MA-10003356,"Panasonic KX MC6040 Color Laser Multifunction Printer",5,1619.82,-22.50,-1.389043,2016-12-25,368
OFF-BI-10004967,"Round Ring Binders",28,29.95,-0.92,-3.071786,2016-12-26,367
OFF-SU-10000952,"Fiskars Home & Office Scissors",11,97.68,27.35,27.999590,2016-12-26,367
FUR-CH-10004853,"Global Manager's Adjustable Task Chair, Storm",23,2959.21,493.70,16.683507,2016-12-27,366
OFF-LA-10002368,"Avery 479",7,16.70,6.84,40.958084,2016-12-27,366
OFF-BI-10004781,"GBC Wire Binding Strips",14,212.66,-18.41,-8.657011,2016-12-29,364
FUR-FU-10000672,"Executive Impressions 10" Spectator Wall Clock"",22,258.72,87.97,34.002010,2016-12-29,364
OFF-BI-10002194,"Cardinal Hold-It CD Pocket",12,38.30,-12.46,-32.532637,2016-12-30,363
OFF-PA-10002421,"Embossed Ink Jet Note Cards",15,284.38,108.34,38.096913,2016-12-30,363
OFF-AR-10004269,"Newell 31",24,94.99,23.63,24.876303,2016-12-30,363
FUR-FU-10002116,"Tenex Carpeted, Granite-Look or Clear Contemporary Contour Shape Chair Mats",15,763.67,-222.73,-29.165739,2017-01-01,361
TEC-MA-10002178,"Cisco CP-7937G Unified IP Conference Station Phone",4,1391.40,-55.66,-4.000287,2017-01-02,360
OFF-ST-10000760,"Eldon Fold 'N Roll Cart System",24,301.97,63.75,21.111369,2017-01-07,355
OFF-BI-10000545,"GBC Ibimaster 500 Manual ProClick Binding System",48,19024.50,760.98,4.000000,2017-01-12,350
FUR-BO-10001608,"Hon Metal Bookcases, Black",30,1570.08,-26.96,-1.717110,2017-01-13,349
TEC-AC-10001445,"Imation USB 2.0 Swivel Flash Drive USB flash drive - 4 GB - Pink",14,42.42,8.91,21.004243,2017-01-14,348
OFF-BI-10003727,"Avery Durable Slant Ring Binders With Label Holder",36,90.71,12.44,13.714034,2017-01-14,348
TEC-PH-10003655,"Sannysis Cute Owl Design Soft Skin Case Cover for Samsung Galaxy S4",8,13.86,2.29,16.522367,2017-01-14,348
TEC-PH-10000169,"ARKON Windshield Dashboard Air Vent Car Mount Holder",14,216.96,-15.58,-7.181047,2017-01-14,348
OFF-ST-10002562,"Staple magnet",28,219.50,30.38,13.840547,2017-01-14,348
OFF-ST-10003638,"Mobile Personal File Cube",21,449.66,90.63,20.155228,2017-01-14,348
OFF-PA-10001260,"TOPS Money Receipt Book, Consecutively Numbered in Red,",11,88.11,39.65,45.000567,2017-01-16,346
FUR-CH-10000309,"Global Comet Stacking Arm Chair",17,6084.14,697.13,11.458152,2017-01-19,343
TEC-PH-10004922,"RCA Visys Integrated PBX 8-Line Router",19,1085.24,130.64,12.037890,2017-01-20,342
OFF-AR-10003631,"Staples in misc. colors",30,123.91,26.62,21.483335,2017-01-20,342
OFF-EN-10002230,"Airmail Envelopes",19,1359.67,514.48,37.838593,2017-01-21,341
FUR-BO-10001619,"O'Sullivan Cherrywood Estates Traditional Bookcase",6,424.90,27.20,6.401506,2017-01-21,341
TEC-MA-10002981,"I.R.I.S IRISCard Anywhere 5 Card Scanner",3,350.97,152.09,43.334188,2017-01-21,341
FUR-TA-10001857,"Balt Solid Wood Rectangular Table",11,828.10,-216.25,-26.113996,2017-01-23,339
OFF-BI-10004506,"Wilson Jones data.warehouse D-Ring Binders with DublLock",12,66.67,15.31,22.963852,2017-01-23,339
TEC-AC-10001874,"Logitech Wireless Anywhere Mouse MX for PC and Mac",11,551.90,89.98,16.303678,2017-01-23,339
OFF-FA-10000053,"Revere Boxed Rubber Bands by Revere",29,48.00,-5.71,-11.895833,2017-01-24,338
FUR-FU-10002157,"Artistic Insta-Plaque",10,156.80,61.16,39.005102,2017-01-26,336
TEC-PH-10000193,"Jensen SMPS-640 - speaker phone",12,496.58,88.28,17.777599,2017-01-27,335
TEC-AC-10002800,"Plantronics Audio 478 Stereo USB Headset",34,1619.68,514.90,31.790230,2017-01-28,334
OFF-BI-10001072,"GBC Clear Cover, 8-1/2 x 11, unpunched, 25 covers per pack",15,136.44,13.64,9.997068,2017-01-29,333
TEC-PH-10002275,"Mitel 5320 IP Phone VoIP phone",14,2116.68,211.68,10.000567,2017-01-30,332
OFF-AR-10004648,"Boston 19500 Mighty Mite Electric Pencil Sharpener",17,342.55,92.48,26.997519,2017-01-30,332
OFF-AR-10001227,"Newell 338",8,23.52,6.35,26.998299,2017-01-30,332
FUR-CH-10002044,"Office Star - Contemporary Task Swivel chair with 2-way adjustable arms, Plum",7,694.20,-158.49,-22.830596,2017-01-30,332
OFF-AP-10000275,"Sanyo Counter Height Refrigerator with Crisper, 3.6 Cubic Foot, Stainless Steel/Black",18,5906.52,1653.83,28.000074,2017-02-05,326
OFF-BI-10004584,"GBC ProClick 150 Presentation Binding System",22,3222.99,-461.32,-14.313417,2017-02-09,322
FUR-FU-10000550,"Stacking Trays by OIC",19,72.70,9.32,12.819807,2017-02-09,322
OFF-PA-10001184,"Xerox 1903",24,138.74,65.54,47.239441,2017-02-13,318
OFF-PA-10003465,"Xerox 1912",11,201.08,92.57,46.036403,2017-02-16,315
FUR-FU-10004270,"Executive Impressions 13" Clairmont Wall Clock"",20,315.37,88.46,28.049593,2017-02-16,315
TEC-PH-10003875,"KLD Oscar II Style Snap-on Ultra Thin Side Flip Synthetic Leather Cover Case for HTC One HTC M7",13,126.36,36.65,29.004432,2017-02-17,314
TEC-PH-10002789,"LG Exalt",12,1154.32,-212.15,-18.378786,2017-02-17,314
OFF-AR-10000937,"Dixon Ticonderoga Core-Lock Colored Pencils, 48-Color Set",13,431.29,165.20,38.303694,2017-02-17,314
OFF-LA-10004345,"Avery 493",13,55.97,23.43,41.861712,2017-02-18,313
OFF-AP-10002518,"Kensington 7 Outlet MasterPiece Power Center",21,2883.28,229.59,7.962806,2017-02-19,312
OFF-FA-10004968,"Rubber Band Ball",16,58.34,-0.31,-0.531368,2017-02-19,312
TEC-PH-10001580,"Logitech Mobile Speakerphone P710e - speaker phone",17,1916.71,241.61,12.605454,2017-02-20,311
OFF-FA-10001229,Staples,9,29.87,10.78,36.089722,2017-02-20,311
OFF-AP-10000595,"Disposable Triple-Filter Dust Bags",10,43.70,11.36,25.995423,2017-02-20,311
TEC-AC-10002076,"Microsoft Natural Keyboard Elite",29,1497.00,20.96,1.400134,2017-02-21,310
OFF-FA-10002701,"Alliance Rubber Bands",8,13.44,0.54,4.017857,2017-02-23,308
OFF-BI-10002609,"Avery Hidden Tab Dividers for Binding Systems",24,31.59,-7.04,-22.285533,2017-02-25,306
OFF-AP-10003287,"Tripp Lite TLP810NET Broadband Surge for Modem/Fax",22,937.85,130.48,13.912673,2017-02-26,305
OFF-EN-10003286,"Staple envelope",35,284.83,131.23,46.073096,2017-03-02,301
OFF-PA-10001307,"Important Message Pads, 50 4-1/4 x 5-1/2 Forms per Pad",15,54.60,22.47,41.153846,2017-03-03,300
OFF-AP-10004859,"Acco 6 Outlet Guardian Premium Surge Suppressor",35,432.43,60.43,13.974516,2017-03-03,300
OFF-EN-10000483,"White Envelopes, White Envelopes with Clear Poly Window",22,320.25,139.10,43.434817,2017-03-04,299
OFF-PA-10000806,"Xerox 1934",20,1097.21,526.21,47.958914,2017-03-04,299
OFF-LA-10002381,"Avery 497",8,24.02,11.21,46.669442,2017-03-04,299
OFF-EN-10003862,"Laser & Ink Jet Business Envelopes",20,198.46,83.23,41.937922,2017-03-05,298
OFF-ST-10000877,"Recycled Steel Personal File for Standard File Folders",20,1072.63,254.33,23.710879,2017-03-05,298
OFF-FA-10002763,"Advantus Map Pennant Flags and Round Head Tacks",25,87.69,20.55,23.434827,2017-03-05,298
OFF-LA-10003537,"Avery 515",5,62.65,29.45,47.007183,2017-03-05,298
OFF-BI-10002026,"Ibico Recycled Linen-Style Covers",24,749.95,262.48,34.999667,2017-03-05,298
OFF-AP-10001124,"Belkin 8 Outlet SurgeMaster II Gold Surge Protector with Phone Protection",8,647.84,168.44,26.000247,2017-03-08,295
OFF-BI-10003876,"Green Canvas Binder for 8-1/2" x 14"" Sheets"",19,569.24,162.64,28.571429,2017-03-08,295
FUR-TA-10002228,"Bevis Traditional Conference Table Top, Plinth Base",9,2033.50,-456.71,-22.459307,2017-03-10,293
OFF-AR-10003958,"Newell 337",4,10.50,1.18,11.238095,2017-03-10,293
TEC-PH-10002555,"Nortel Meridian M5316 Digital phone",13,2744.87,253.77,9.245247,2017-03-11,292
OFF-ST-10004946,"Desktop 3-Pocket Hot File",5,259.68,59.51,22.916667,2017-03-11,292
FUR-FU-10001379,"Executive Impressions 16-1/2" Circular Wall Clock"",4,58.78,-1.07,-1.820347,2017-03-11,292
TEC-PH-10004700,"PowerGen Dual USB Car Charger",14,127.87,52.36,40.947838,2017-03-13,290
TEC-AC-10004001,"Logitech Wireless Headset H600 Over-The-Head Design",10,386.91,133.27,34.444703,2017-03-13,290
TEC-MA-10002109,"HP Officejet Pro 8600 e-All-In-One Printer, Copier, Scanner, Fax",4,449.97,48.00,10.667378,2017-03-13,290
TEC-PH-10004348,"OtterBox Defender Series Case - iPhone 5c",5,133.13,3.69,2.771727,2017-03-16,287
FUR-FU-10003424,"Nu-Dell Oak Frame",16,151.65,35.45,23.376195,2017-03-16,287
TEC-PH-10000149,"Cisco SPA525G2 IP Phone - Wireless",26,426.93,43.08,10.090647,2017-03-17,286
OFF-PA-10004610,"Xerox 1900",26,105.29,44.08,41.865324,2017-03-17,286
OFF-AR-10003752,"Deluxe Chalkboard Eraser Cleaner",17,182.49,76.47,41.903666,2017-03-18,285
OFF-EN-10003072,"Peel & Seel Envelopes",18,62.86,26.53,42.204900,2017-03-18,285
OFF-AR-10002766,"Prang Drawing Pencil Set",22,56.16,11.50,20.477208,2017-03-18,285
OFF-LA-10003121,"Avery 506",17,66.08,28.17,42.630145,2017-03-19,284
TEC-PH-10000038,"Jawbone MINI JAMBOX Wireless Bluetooth Speaker",18,2027.31,-339.71,-16.756687,2017-03-19,284
OFF-AR-10002467,"Dixon Ticonderoga Pencils",13,37.55,9.27,24.687084,2017-03-19,284
OFF-PA-10002377,"Xerox 1916",20,831.97,342.57,41.175764,2017-03-20,283
OFF-BI-10004410,"C-Line Peel & Stick Add-On Filing Pockets, 8-3/4 x 5-1/8, 10/Pack",21,86.00,15.09,17.546512,2017-03-21,282
OFF-BI-10003981,"Avery Durable Plastic 1" Binders"",34,116.22,37.50,32.266391,2017-03-21,282
OFF-ST-10001558,"Acco Perma 4000 Stacking Storage Drawers",31,457.97,30.04,6.559382,2017-03-23,280
FUR-FU-10000758,"DAX Natural Wood-Tone Poster Frame",23,513.72,123.92,24.122090,2017-03-23,280
OFF-AP-10002403,"Acco Smartsocket Color-Coded Six-Outlet AC Adapter Model Surge Protectors",14,448.91,-7.05,-1.570471,2017-03-25,278
OFF-AR-10003087,"Staples in misc. colors",15,24.92,5.70,22.873194,2017-03-25,278
TEC-PH-10000141,"Clearsounds A400",11,488.33,-48.83,-9.999386,2017-03-25,278
TEC-PH-10004896,"Nokia Lumia 521 (T-Mobile)",20,515.83,83.98,16.280558,2017-03-26,277
OFF-FA-10003021,Staples,22,34.59,7.72,22.318589,2017-03-26,277
FUR-BO-10001918,"Sauder Forest Hills Library with Doors, Woodland Oak Finish",10,1014.18,-418.55,-41.269794,2017-03-26,277
OFF-AR-10004587,"Boston 1827 Commercial Additional Cutter, Drive Gear & Gear Rack for 1606",3,59.49,17.85,30.005043,2017-03-26,277
FUR-CH-10004063,"Global Deluxe High-Back Manager's Chair",35,8665.21,1558.59,17.986754,2017-03-27,276
TEC-AC-10004901,"Kensington SlimBlade Notebook Wireless Mouse with Nano Receiver",13,549.88,120.98,22.001164,2017-03-27,276
OFF-LA-10000476,"Avery 05222 Permanent Self-Adhesive File Folder Labels for Typewriters, on Rolls, White, 250/Roll",5,20.65,9.50,46.004843,2017-03-27,276
TEC-MA-10004679,"StarTech.com 10/100 VDSL2 Ethernet Extender Kit",13,2330.65,-785.77,-33.714629,2017-03-28,275
OFF-EN-10004206,"Multimedia Mailers",2,325.86,149.90,46.001350,2017-03-30,273
OFF-BI-10001153,"Ibico Recycled Grain-Textured Covers",8,141.61,3.45,2.436269,2017-03-31,272
FUR-FU-10004006,"Deflect-o DuraMat Lighweight, Studded, Beveled Mat for Low Pile Carpeting",17,673.87,72.07,10.694941,2017-04-01,271
OFF-EN-10001990,"Staple envelope",23,130.64,61.41,47.007042,2017-04-01,271
OFF-LA-10000262,"Avery 494",23,56.37,23.96,42.504878,2017-04-01,271
TEC-PH-10004897,"Mediabridge Sport Armband iPhone 5s",30,257.75,-38.95,-15.111542,2017-04-01,271
OFF-AP-10002222,"Staple holder",13,107.51,25.23,23.467584,2017-04-01,271
TEC-MA-10000418,"Cubify CubeX 3D Printer Double Head Print",9,11099.96,-8879.97,-80.000018,2017-04-01,271
FUR-BO-10003894,"Safco Value Mate Steel Bookcase, Baked Enamel Finish on Steel, Black",14,802.07,106.47,13.274402,2017-04-01,271
TEC-AC-10000892,"NETGEAR N750 Dual Band Wi-Fi Gigabit Router",22,1890.00,622.80,32.952381,2017-04-02,270
FUR-FU-10003724,"Westinghouse Clip-On Gooseneck Lamps",38,279.56,44.19,15.806982,2017-04-02,270
TEC-PH-10002262,"LG Electronics Tone+ HBS-730 Bluetooth Headset",18,904.55,133.31,14.737715,2017-04-04,268
OFF-EN-10001532,"Brown Kraft Recycled Envelopes",15,244.51,117.16,47.916241,2017-04-04,268
OFF-AR-10001545,"Newell 326",23,36.60,7.87,21.502732,2017-04-04,268
TEC-PH-10004345,"Cisco SPA 502G IP Phone",21,2063.14,299.89,14.535611,2017-04-04,268
FUR-FU-10004017,"Tenex Contemporary Contur Chairmats for Low and Medium Pile Carpet, Computer, 39" x 49"""",10,1010.78,150.55,14.894438,2017-04-07,265
OFF-AR-10003156,"50 Colored Long Pencils",14,138.18,32.91,23.816761,2017-04-07,265
OFF-PA-10004621,"Xerox 212",25,141.27,57.02,40.362427,2017-04-09,263
OFF-PA-10001281,"Computer Printout Paper with Letter-Trim Fine Perforations",4,191.60,91.97,48.001044,2017-04-09,263
OFF-BI-10002026,"Avery Arch Ring Binders",40,1318.87,87.15,6.607930,2017-04-09,263
OFF-AR-10001221,"Dixon Ticonderoga Erasable Colored Pencil Set, 12-Color",14,75.35,20.09,26.662243,2017-04-11,261
OFF-AR-10000127,"Newell 321",22,65.60,14.37,21.905488,2017-04-11,261
OFF-PA-10001712,"Xerox 1948",15,149.85,67.43,44.998332,2017-04-12,260
OFF-FA-10004076,"Translucent Push Pins by OIC",15,24.55,5.84,23.788187,2017-04-13,259
OFF-PA-10004971,"Xerox 196",18,92.48,39.41,42.614619,2017-04-14,258
OFF-AR-10001468,"Sanford Prismacolor Professional Thick Lead Art Pencils, 36-Color Set",7,209.66,49.80,23.752743,2017-04-14,258
FUR-BO-10003433,"Sauder Cornerstone Collection Library",14,322.19,-81.17,-25.193209,2017-04-14,258
OFF-PA-10002365,"Xerox 1967",15,89.42,38.87,43.469023,2017-04-15,257
FUR-FU-10004460,"Howard Miller 12" Round Wall Clock"",14,479.34,127.30,26.557350,2017-04-15,257
OFF-BI-10004654,"VariCap6 Expandable Binder",10,122.83,31.13,25.343971,2017-04-15,257
OFF-PA-10001826,"Xerox 207",7,40.18,16.59,41.289199,2017-04-15,257
TEC-MA-10000822,"Lexmark MX611dhe Monochrome Laser Printer",18,16829.90,-4589.97,-27.272711,2017-04-17,255
OFF-AR-10001683,"Lumber Crayons",19,171.39,55.37,32.306436,2017-04-20,252
FUR-FU-10004597,"Eldon Cleatmat Chair Mats for Medium Pile Carpets",8,344.10,-42.18,-12.258065,2017-04-20,252
TEC-PH-10004080,"Avaya 5410 Digital phone",13,625.50,-10.88,-1.739408,2017-04-20,252
OFF-PA-10001804,"Xerox 195",27,164.33,70.54,42.925820,2017-04-23,249
OFF-BI-10000285,"XtraLife ClearVue Slant-D Ring Binders by Cardinal",22,72.91,-13.33,-18.282814,2017-04-23,249
OFF-LA-10000081,"Avery 496",14,50.25,22.95,45.671642,2017-04-23,249
FUR-FU-10001025,"Eldon Imàge Series Desk Accessories, Clear",17,53.46,6.36,11.896745,2017-04-23,249
TEC-PH-10004614,"AT&T 841000 Phone",28,1614.60,165.60,10.256410,2017-04-24,248
OFF-FA-10002676,"Colored Push Pins",15,24.97,7.60,30.436524,2017-04-24,248
OFF-AP-10002495,"Acco Smartsocket Table Surge Protector, 6 Color-Coded Adapter Outlets",8,452.97,105.49,23.288518,2017-04-24,248
FUR-FU-10000397,"Luxo Economy Swing Arm Lamp",17,338.98,94.92,28.001652,2017-04-27,245
FUR-BO-10002268,"Sauder Barrister Bookcases",16,754.73,-294.77,-39.056351,2017-04-27,245
OFF-AR-10003056,"Newell 341",23,96.73,26.83,27.737000,2017-04-28,244
OFF-AP-10000252,"Harmony HEPA Quiet Air Purifiers",12,128.70,37.45,29.098679,2017-04-28,244
OFF-LA-10004055,"Color-Coded Legal Exhibit Labels",3,14.73,7.22,49.015614,2017-04-29,243
FUR-TA-10001307,"SAFCO PlanMaster Heigh-Adjustable Drafting Table Base, 43w x 30d x 30-37h, Black",14,3739.12,608.04,16.261580,2017-04-29,243
OFF-EN-10002986,"#10-4 1/8" x 9 1/2"" Premium Diagonal Seam Envelopes"",13,176.29,63.75,36.162006,2017-04-30,242
OFF-AR-10002804,"Faber Castell Col-Erase Pencils",8,37.16,14.08,37.890205,2017-04-30,242
OFF-BI-10001575,"GBC Linen Binding Covers",18,207.57,-82.41,-39.702269,2017-04-30,242
OFF-LA-10003190,"Avery 474",30,78.34,34.27,43.745213,2017-04-30,242
OFF-LA-10003388,"Avery 5",2,5.76,2.82,48.958333,2017-04-30,242
OFF-SU-10001212,"Kleencut Forged Office Shears by Acme United Corporation",5,9.57,2.29,23.928945,2017-05-01,241
FUR-FU-10003975,"Eldon Advantage Chair Mats for Low to Medium Pile Carpets",13,563.03,56.29,9.997691,2017-05-02,240
OFF-PA-10003016,"Adams "While You Were Out"" Message Pads"",24,72.85,31.41,43.115992,2017-05-02,240
OFF-PA-10000726,"Black Print Carbonless Snap-Off Rapid Letter, 8 1/2" x 7"""",19,160.34,65.14,40.626169,2017-05-04,238
OFF-PA-10004983,"Xerox 23",23,141.26,63.76,45.136627,2017-05-04,238
OFF-EN-10002600,"Redi-Strip #10 Envelopes, 4 1/8 x 9 1/2",35,93.22,39.52,42.394336,2017-05-05,237
OFF-PA-10002254,"Xerox 1883",37,881.10,354.01,40.178186,2017-05-06,236
FUR-BO-10001601,"Sauder Mission Library with Doors, Fruitwood Finish",10,935.20,-125.74,-13.445252,2017-05-06,236
OFF-AR-10004752,"Blackstonian Pencils",19,49.13,12.60,25.646245,2017-05-06,236
OFF-ST-10001932,"Fellowes Staxonsteel Drawer Files",26,4829.25,509.98,10.560232,2017-05-06,236
OFF-AP-10000692,"Fellowes Mighty 8 Compact Surge Protector",19,344.58,67.30,19.531023,2017-05-08,234
OFF-EN-10002504,"Tyvek Top-Opening Peel & Seel Envelopes, Plain White",24,570.77,225.04,39.427440,2017-05-09,233
OFF-ST-10000636,"Rogers Profile Extra Capacity Storage Tub",32,518.94,4.70,0.905692,2017-05-09,233
OFF-AR-10004456,"Panasonic KP-4ABK Battery-Operated Pencil Sharpener",16,234.24,67.94,29.004440,2017-05-11,231
OFF-LA-10004545,"Avery 50",20,235.56,102.75,43.619460,2017-05-11,231
OFF-AR-10003481,"Newell 348",24,65.60,9.72,14.817073,2017-05-11,231
OFF-LA-10002271,"Smead Alpha-Z Color-Coded Second Alphabetical Labels and Starter Set",16,48.05,22.43,46.680541,2017-05-12,230
OFF-PA-10000659,"TOPS Carbonless Receipt Book, Four 2-3/4 x 7-1/4 Money Receipts per Page",25,406.46,178.71,43.967426,2017-05-12,230
FUR-FU-10000719,"DAX Cubicle Frames, 8-1/2 x 11",17,145.69,52.46,36.007962,2017-05-12,230
OFF-LA-10000240,"Self-Adhesive Address Labels for Typewriters by Universal",23,153.51,64.41,41.958179,2017-05-13,229
OFF-EN-10003296,"Tyvek Side-Opening Peel & Seel Expanding Envelopes",14,1266.72,570.02,44.999684,2017-05-13,229
OFF-ST-10000078,"Tennsco 6- and 18-Compartment Lockers",43,10925.00,1575.09,14.417300,2017-05-13,229
FUR-FU-10000794,"Eldon Stackable Tray, Side-Load, Legal, Smoke",17,155.38,52.83,34.000515,2017-05-14,228
OFF-LA-10000973,"Avery 502",7,17.64,6.17,34.977324,2017-05-14,228
OFF-EN-10004955,"Fashion Color Clasp Envelopes",15,77.90,36.52,46.880616,2017-05-14,228
OFF-PA-10000483,"Xerox 19",15,415.13,159.56,38.436153,2017-05-14,228
OFF-PA-10001736,"Xerox 1880",18,623.74,285.65,45.796325,2017-05-15,227
OFF-BI-10000315,"Poly Designer Cover & Back",35,451.97,106.34,23.528110,2017-05-18,224
FUR-FU-10002456,"Master Caster Door Stop, Large Neon Orange",27,154.34,42.29,27.400544,2017-05-18,224
TEC-AC-10000387,"KeyTronic KT800P2 - Keyboard - Black",6,75.10,1.20,1.597870,2017-05-18,224
TEC-PH-10002350,"Apple EarPods with Remote and Mic",10,251.91,50.38,19.999206,2017-05-18,224
OFF-BI-10001267,"Universal Recycled Hanging Pressboard Report Binders, Letter Size",20,72.80,8.65,11.881868,2017-05-18,224
FUR-BO-10004695,"O'Sullivan 2-Door Barrister Bookcase in Odessa Pine",31,4886.47,566.48,11.592827,2017-05-19,223
OFF-AP-10001154,"Bionaire Personal Warm Mist Humidifier/Vaporizer",11,515.79,201.15,38.998430,2017-05-19,223
OFF-PA-10001526,"Xerox 1949",28,114.55,43.43,37.913575,2017-05-19,223
FUR-FU-10002191,"G.E. Halogen Desk Lamp Bulbs",11,62.82,22.89,36.437440,2017-05-20,222
TEC-MA-10003176,"Okidata B400 Printer",3,1029.60,115.83,11.250000,2017-05-20,222
FUR-FU-10004071,"Luxo Professional Magnifying Clamp-On Fluorescent Lamps",13,1268.92,106.09,8.360653,2017-05-21,221
OFF-FA-10000840,"OIC Thumb-Tacks",13,12.99,5.15,39.645881,2017-05-23,219
OFF-SU-10004498,"Martin-Yale Premier Letter Opener",20,236.99,-12.88,-5.434828,2017-05-26,216
TEC-AC-10000521,"Verbatim Slim CD and DVD Storage Cases, 50/Pack",8,80.78,16.15,19.992572,2017-05-26,216
FUR-FU-10003664,"Electrix Architect's Clamp-On Swing Arm Lamp, Black",33,2863.80,627.18,21.900272,2017-05-27,215
OFF-PA-10001166,"Xerox 2",25,137.37,53.12,38.669287,2017-05-27,215
TEC-AC-10002380,"Sony 8GB Class 10 Micro SDHC R40 Memory Card",3,27.19,0.34,1.250460,2017-05-27,215
FUR-CH-10000863,"Novimex Swivel Fabric Task Chair",25,2913.92,-445.39,-15.284908,2017-05-28,214
OFF-AP-10001469,"Fellowes 8 Outlet Superior Workstation Surge Protector",20,759.12,166.85,21.979397,2017-05-28,214
OFF-PA-10002464,"HP Office Recycled Paper (20Lb. and 87 Bright)",19,106.35,50.35,47.343677,2017-05-28,214
FUR-FU-10001185,"Advantus Employee of the Month Certificate Frame, 11 x 13-1/2",28,822.74,311.78,37.895325,2017-05-28,214
OFF-ST-10002205,"File Shuttle I and Handi-File",13,262.66,51.41,19.572832,2017-05-29,213
FUR-FU-10003981,"Eldon Wave Desk Accessories",16,29.95,10.65,35.559265,2017-05-29,213
FUR-FU-10003919,"Eldon Executive Woodline II Cherry Finish Desk Accessories",6,98.13,-78.51,-80.006114,2017-05-29,213
OFF-AP-10001564,"Hoover Commercial Lightweight Upright Vacuum with E-Z Empty Dirt Cup",6,1023.35,-9.31,-0.909757,2017-05-29,213
OFF-AR-10003405,"Dixon My First Ticonderoga Pencil, #2",19,95.94,17.03,17.750678,2017-05-30,212
OFF-BI-10000591,"Avery Binder Labels",8,26.07,9.88,37.897967,2017-05-30,212
FUR-BO-10000330,"Sauder Camden County Barrister Bookcase, Planked Cherry Finish",10,1064.62,24.19,2.272172,2017-05-30,212
OFF-AP-10002945,"Honeywell Enviracaire Portable HEPA Air Cleaner for 17' x 22' Room",40,11304.44,3247.02,28.723404,2017-06-01,210
FUR-CH-10003746,"Hon 4070 Series Pagoda Round Back Stacking Chairs",21,5906.03,1052.82,17.826188,2017-06-01,210
OFF-PA-10000682,"Xerox 1924",12,60.10,24.75,41.181364,2017-06-01,210
OFF-PA-10004733,"Things To Do Today Spiral Book",13,82.37,29.86,36.251062,2017-06-02,209
FUR-BO-10002824,"Bush Mission Pointe Library",6,748.86,24.15,3.224902,2017-06-03,208
OFF-BI-10002049,"UniKeep View Case Binders",13,28.84,-5.48,-19.001387,2017-06-03,208
TEC-PH-10000441,"VTech DS6151",25,2746.57,478.78,17.431924,2017-06-03,208
OFF-PA-10000809,"Xerox 206",11,60.91,23.84,39.139714,2017-06-03,208
OFF-BI-10002557,"Presstex Flexible Ring Binders",30,92.83,24.58,26.478509,2017-06-04,207
OFF-AR-10002255,"Newell 346",11,31.10,8.62,27.717042,2017-06-04,207
OFF-PA-10002870,"Ampad Phone Message Book, Recycled, 400 Message Capacity, 5 ¾” x 11”",20,124.80,56.17,45.008013,2017-06-04,207
OFF-BI-10002353,"GBC VeloBind Cover Sets",42,342.77,18.53,5.405957,2017-06-04,207
TEC-PH-10001619,"LG G3",10,1803.11,411.58,22.826117,2017-06-05,206
FUR-FU-10004164,"Eldon 300 Class Desk Accessories, Black",6,29.70,13.07,44.006734,2017-06-06,205
FUR-BO-10004834,"Riverside Palais Royal Lawyers Bookcase, Royale Cherry Finish",24,15610.97,-669.53,-4.288843,2017-06-08,203
OFF-AP-10002203,"Eureka Disposable Bags for Sanitaire Vibra Groomer I Upright Vac",2,1.62,-4.47,-275.925926,2017-06-08,203
OFF-SU-10004231,"Acme Tagit Stainless Steel Antibacterial Scissors",22,196.02,37.03,18.890929,2017-06-08,203
TEC-PH-10000307,"Shocksock Galaxy S4 Armband",7,63.51,-10.07,-15.855771,2017-06-08,203
FUR-BO-10001337,"O'Sullivan Living Dimensions 2-Shelf Bookcases",28,2970.07,-78.64,-2.647749,2017-06-10,201
TEC-PH-10002923,"Logitech B530 USB Headset - headset - Full size, Binaural",25,739.81,64.74,8.750896,2017-06-10,201
OFF-AR-10002375,"Newell 351",26,82.66,22.10,26.736027,2017-06-10,201
OFF-AR-10001231,"Sanford EarthWrite Recycled Pencils, Medium Soft, #2",14,29.40,8.24,28.027211,2017-06-10,201
OFF-AR-10001955,"Newell 319",28,511.87,123.01,24.031492,2017-06-11,200
TEC-MA-10001570,"Cisco Desktop Collaboration Experience DX650 IP Video Phone",5,385.80,130.21,33.750648,2017-06-11,200
FUR-CH-10000595,"Safco Contoured Stacking Chairs",27,5697.76,870.16,15.271967,2017-06-12,199
FUR-TA-10002530,"Iceberg OfficeWorks 42" Round Tables"",30,3457.44,-392.56,-11.354065,2017-06-12,199
OFF-PA-10000697,"TOPS Voice Message Log Book, Flash Format",12,49.50,20.37,41.151515,2017-06-12,199
OFF-AR-10004691,"Boston 1730 StandUp Electric Pencil Sharpener",8,171.04,44.48,26.005613,2017-06-12,199
FUR-FU-10001546,"Dana Swing-Arm Lamps",15,108.93,-11.22,-10.300193,2017-06-12,199
OFF-AR-10002399,"Dixon Prang Watercolor Pencils, 10-Color Set with Brush",27,110.76,42.90,38.732394,2017-06-15,196
OFF-AR-10001954,"Newell 331",17,75.31,14.62,19.413093,2017-06-15,196
OFF-LA-10002312,"Avery 490",13,177.60,81.40,45.833333,2017-06-15,196
OFF-ST-10001291,"Tenex Personal Self-Stacking Standard File Box, Black/Gray",15,229.98,44.82,19.488651,2017-06-15,196
TEC-PH-10001809,"Panasonic KX T7736-B Digital phone",10,1259.58,134.96,10.714683,2017-06-15,196
TEC-PH-10001051,"HTC One",14,1119.90,126.00,11.251005,2017-06-15,196
FUR-TA-10004152,"Barricks 18" x 48"" Non-Folding Utility Table with Bottom Storage Shelf"",16,1088.64,-104.82,-9.628527,2017-06-15,196
OFF-PA-10000312,"Xerox 1955",10,182.72,59.38,32.497811,2017-06-15,196
TEC-AC-10001606,"Logitech Wireless Performance Mouse MX for PC and Mac",21,1799.82,497.95,27.666656,2017-06-16,195
OFF-AP-10003884,"Fellowes Smart Surge Ten-Outlet Protector, Platinum",3,180.66,50.58,27.997343,2017-06-16,195
OFF-PA-10001246,"Xerox 215",7,45.36,21.77,47.993827,2017-06-16,195
OFF-PA-10001815,"Xerox 1885",20,960.80,461.20,48.001665,2017-06-16,195
OFF-BI-10001721,"Trimflex Flexible Post Binders",21,346.35,112.89,32.594197,2017-06-17,194
OFF-BI-10001294,"Fellowes Binding Cases",31,271.44,71.96,26.510463,2017-06-17,194
OFF-ST-10003722,"Project Tote Personal File",15,193.61,44.20,22.829399,2017-06-17,194
TEC-MA-10003673,"Hewlett-Packard Desktjet 6988DT Refurbished Printer",5,3404.50,1668.21,49.000147,2017-06-17,194
OFF-PA-10000167,"Xerox 1925",18,489.48,182.79,37.343712,2017-06-18,193
OFF-PA-10003892,"Xerox 1943",16,743.43,328.67,44.209946,2017-06-19,192
TEC-AC-10001101,"Sony 16GB Class 10 Micro SDHC R40 Memory Card",16,190.77,5.15,2.699586,2017-06-19,192
OFF-PA-10000740,"Xerox 1982",12,237.54,89.53,37.690494,2017-06-19,192
OFF-AP-10004655,"Holmes Visible Mist Ultrasonic Humidifier with 2.3-Gallon Output per Day, Replacement Filter",5,47.54,10.19,21.434581,2017-06-19,192
OFF-LA-10003223,"Avery 508",19,87.39,39.82,45.565854,2017-06-20,191
TEC-PH-10003691,"BlackBerry Q10",27,3099.36,548.06,17.683006,2017-06-20,191
OFF-PA-10001534,"Xerox 230",21,127.01,56.24,44.279978,2017-06-20,191
OFF-BI-10002852,"Ibico Standard Transparent Covers",34,390.57,104.83,26.840259,2017-06-21,190
OFF-EN-10004483,"#10 White Business Envelopes,4 1/8 x 9 1/2",32,488.91,223.12,45.636211,2017-06-22,189
OFF-BI-10003166,"GBC Plasticlear Binding Covers",23,68.88,-68.43,-99.346690,2017-06-22,189
OFF-AR-10002135,"Boston Heavy-Duty Trimline Electric Pencil Sharpeners",25,1166.44,310.88,26.652035,2017-06-24,187
FUR-TA-10000688,"Chromcraft Bull-Nose Wood Round Conference Table Top, Wood Base",18,3354.90,100.21,2.986974,2017-06-25,186
OFF-FA-10004395,"Plymouth Boxed Rubber Bands by Plymouth",18,77.24,-3.29,-4.259451,2017-06-25,186
FUR-BO-10002213,"DMI Eclipse Executive Suite Bookcases",27,11046.60,90.17,0.816269,2017-06-25,186
TEC-PH-10001760,"Bose SoundLink Bluetooth Speaker",18,2865.60,967.14,33.750000,2017-06-26,185
OFF-LA-10004689,"Avery 512",32,84.39,35.36,41.900699,2017-06-26,185
OFF-ST-10001490,"Hot File 7-Pocket, Floor Stand",49,8138.24,2016.70,24.780542,2017-06-26,185
TEC-PH-10000673,"Plantronics Voyager Pro HD - Bluetooth Headset",25,1221.82,376.94,30.850698,2017-06-26,185
OFF-BI-10004654,"Avery Binding System Hidden Tab Executive Style Index Sets",26,91.74,16.73,18.236320,2017-06-29,182
OFF-ST-10001780,"Tennsco 16-Compartment Lockers with Coat Rack",13,7515.52,1114.37,14.827583,2017-06-29,182
OFF-AP-10000240,"Belkin F9G930V10-GRY 9 Outlet Surge",16,770.11,162.59,21.112568,2017-06-29,182
OFF-SU-10002537,"Acme Box Cutter Scissors",31,306.90,72.23,23.535354,2017-06-29,182
FUR-FU-10003799,"Seth Thomas 13 1/2" Wall Clock"",20,316.48,71.13,22.475354,2017-06-30,181
FUR-BO-10003966,"Sauder Facets Collection Library, Sky Alder Finish",10,1427.69,-8.55,-0.598870,2017-06-30,181
FUR-FU-10001591,"Advantus Panel Wall Certificate Holder - 8.5x11",23,270.84,108.10,39.912864,2017-06-30,181
FUR-FU-10002045,"Executive Impressions 14""",17,377.91,166.29,44.002540,2017-06-30,181
OFF-ST-10002615,"Dual Level, Single-Width Filing Carts",43,6574.54,1640.54,24.952924,2017-06-30,181
FUR-CH-10000229,"Global Enterprise Series Seating High-Back Swivel/Tilt Chairs",10,2032.35,-460.67,-22.666863,2017-06-30,181
TEC-PH-10002584,"Samsung Galaxy S4",13,6134.70,438.20,7.142974,2017-06-30,181
FUR-FU-10002554,"Westinghouse Floor Lamp with Metal Mesh Shade, Black",7,167.93,38.63,23.003632,2017-07-03,178
TEC-MA-10003674,"Hewlett-Packard Deskjet 5550 Printer",3,597.13,49.76,8.333194,2017-07-03,178
TEC-MA-10001148,"Okidata MB491 Multifunction Printer",9,2844.30,-434.13,-15.263158,2017-07-03,178
OFF-FA-10001135,"Brites Rubber Bands, 1 1/2 oz. Box",7,13.07,-0.51,-3.902066,2017-07-07,174
OFF-ST-10004835,"Plastic Stacking Crates & Casters",8,35.71,2.67,7.476897,2017-07-07,174
OFF-AR-10004027,"Binney & Smith inkTank Erasable Desk Highlighter, Chisel Tip, Yellow, 12/Box",8,17.64,5.75,32.596372,2017-07-08,173
TEC-PH-10000004,"Belkin iPhone and iPad Lightning Cable",7,83.94,6.30,7.505361,2017-07-11,170
OFF-LA-10004272,"Avery 482",4,11.56,5.43,46.972318,2017-07-11,170
OFF-PA-10000605,"Xerox 1950",9,49.71,23.17,46.610340,2017-07-14,167
FUR-CH-10002780,"Office Star - Task Chair with Contemporary Loop Arms",8,600.46,47.31,7.878959,2017-07-20,161
OFF-ST-10000136,"Letter Size File",10,341.42,59.55,17.441860,2017-07-21,160
OFF-AP-10002472,"3M Office Air Cleaner",10,259.80,90.93,35.000000,2017-07-31,150
OFF-PA-10001752,"Hammermill CopyPlus Copy Paper (20Lb. and 84 Bright)",7,32.87,15.09,45.908123,2017-08-04,146
FUR-CH-10002317,"Global Enterprise Series Seating Low-Back Swivel/Tilt Chairs",1,207.18,25.90,12.501207,2017-08-07,143
OFF-SU-10004768,"Acme Kleencut Forged Steel Scissors",7,35.58,7.47,20.994941,2017-08-20,130
TEC-PH-10000455,"GE 30522EE2",10,1159.90,336.37,28.999914,2017-08-27,123
TEC-CO-10001571,"Sharp 1540cs Digital Laser Copier",10,4399.91,1649.98,37.500313,2017-08-27,123
TEC-PH-10000912,"Anker 24W Portable Micro USB Car Charger",8,61.55,14.07,22.859464,2017-08-28,122
OFF-AR-10001166,"Staples in misc. colors",8,60.64,23.65,39.000660,2017-09-01,118
OFF-PA-10002499,"Xerox 1890",5,244.70,122.35,50.000000,2017-09-02,117
FUR-FU-10004622,"Eldon Advantage Foldable Chair Mats for Low Pile Carpets",10,379.40,-48.78,-12.857143,2017-09-03,116
FUR-BO-10000112,"Bush Birmingham Collection Bookcase, Dark Cherry",9,825.17,-117.88,-14.285541,2017-09-04,115
TEC-AC-10000199,"Kingston Digital DataTraveler 8GB USB 2.0",9,44.03,-2.03,-4.610493,2017-09-04,115
TEC-PH-10002033,"Konftel 250 Conference phone - Charcoal black",9,2221.59,324.70,14.615658,2017-09-07,112
TEC-AC-10002134,"Rosewill 107 Normal Keys USB Wired Standard Keyboard",9,105.14,0.81,0.770401,2017-09-07,112
TEC-AC-10002558,"Imation Swivel Flash Drive USB flash drive - 8 GB",5,54.58,17.63,32.301209,2017-09-08,111
OFF-PA-10000859,"Unpadded Memo Slips",5,18.31,8.36,45.658110,2017-09-09,110
OFF-AP-10003278,"Belkin 7-Outlet SurgeMaster Home Series",10,106.18,2.79,2.627613,2017-09-09,110
OFF-BI-10004876,"Wilson Jones Suede Grain Vinyl Binders",8,16.40,5.06,30.853659,2017-09-10,109
OFF-EN-10002312,"#10 Self-Seal White Envelopes",10,108.68,52.12,47.957306,2017-09-11,108
TEC-MA-10001681,"Lexmark MarkNet N8150 Wireless Print Server",6,723.51,-506.46,-70.000415,2017-09-14,105
OFF-PA-10002741,"Xerox 1980",8,34.24,15.41,45.005841,2017-09-14,105
FUR-CH-10003606,"SAFCO Folding Chair Trolley",6,705.32,151.33,21.455510,2017-09-15,104
TEC-AC-10001090,"Micro Innovations Wireless Classic Keyboard with Mouse",4,107.96,9.60,8.892182,2017-09-15,104
OFF-PA-10002001,"Xerox 1984",2,12.96,6.35,48.996914,2017-09-17,102
TEC-PH-10002447,"AT&T CL83451 4-Handset Telephone",10,1936.30,473.78,24.468316,2017-09-18,101
TEC-AC-10004992,"Kingston Digital DataTraveler 64GB USB 2.0",6,202.68,16.22,8.002763,2017-09-18,101
OFF-AR-10000914,"Boston 16765 Mini Stand Up Battery Pencil Sharpener",10,102.61,16.32,15.904883,2017-09-19,100
TEC-AC-10002647,"Logitech Wireless Boombox Speaker - portable - wireless, wired",4,383.04,148.96,38.888889,2017-09-20,99
OFF-AR-10003896,"Stride Job 150 Highlighters, Chisel Tip, Assorted Colors",3,17.94,6.46,36.008919,2017-09-22,97
OFF-EN-10004147,"Wausau Papers Astrobrights Colored Envelopes",9,50.23,22.78,45.351384,2017-09-23,96
TEC-MA-10001031,"Socket Bluetooth Cordless Hand Scanner (CHS)",3,506.28,177.20,35.000395,2017-09-24,95
OFF-PA-10002109,"Wirebound Voice Message Log Book",4,15.23,4.95,32.501641,2017-09-24,95
OFF-EN-10001028,"Staple envelope",9,100.63,42.40,42.134552,2017-09-26,93
TEC-MA-10003066,"Wasp CCD Handheld Bar Code Reader",3,336.51,44.87,13.333928,2017-09-29,90
FUR-TA-10004442,"Riverside Furniture Stanwyck Manor Table Series",5,917.92,-415.93,-45.312228,2017-09-29,90
OFF-LA-10004677,"Self-Adhesive Address Labels for Typewriters with Dispenser Box",9,26.56,8.96,33.734940,2017-09-30,89
OFF-PA-10004438,"Xerox 1907",10,122.80,57.72,47.003257,2017-10-02,87
OFF-AR-10001130,"Quartet Alpha White Chalk, 12/Pack",8,15.47,6.10,39.431157,2017-10-03,86
OFF-PA-10000556,"Xerox 208",9,54.43,24.10,44.277053,2017-10-03,86
FUR-CH-10001190,"Global Deluxe High-Back Office Chair in Storm",10,1087.92,-149.60,-13.751011,2017-10-05,84
FUR-FU-10004666,"DAX Clear Channel Poster Frame",10,119.56,27.70,23.168284,2017-10-05,84
FUR-CH-10001802,"Hon Every-Day Chair Series Swivel Task Chairs",10,967.85,12.10,1.250194,2017-10-09,80
OFF-PA-10003919,"Xerox 1989",2,7.97,2.69,33.751568,2017-10-12,77
FUR-BO-10003404,"Global Adaptabilites Bookcase, Cherry/Storm Gray Finish",8,3447.84,206.87,5.999988,2017-10-12,77
OFF-PA-10000673,"Post-it “Important Message” Note Pad, Neon Colors, 50 Sheets/Pad",9,62.61,28.54,45.583773,2017-10-13,76
TEC-PH-10003187,"Anker Astro Mini 3000mAh Ultra-Compact Portable Charger",9,147.92,-31.99,-21.626555,2017-10-13,76
OFF-PA-10002552,"Xerox 1958",5,32.40,15.55,47.993827,2017-10-17,72
FUR-FU-10004712,"Westinghouse Mesh Shade Clip-On Gooseneck Lamp, Black",6,84.84,22.06,26.001886,2017-10-19,70
FUR-TA-10003837,"Anderson Hickey Conga Table Tops & Accessories",5,51.78,-17.51,-33.816145,2017-10-19,70
FUR-BO-10004360,"Rush Hierlooms Collection Rich Wood Bookcases",4,489.38,-70.83,-14.473415,2017-10-19,70
OFF-LA-10003714,"Avery 510",7,21.75,8.10,37.241379,2017-10-20,69
OFF-PA-10003953,"Xerox 218",8,49.24,22.28,45.247766,2017-10-21,68
OFF-ST-10000352,"Acco Perma 2700 Stacking Storage Drawers",8,208.18,5.95,2.858104,2017-10-21,68
OFF-AR-10004956,"Newell 33",10,47.99,8.37,17.441134,2017-10-21,68
OFF-BI-10000831,"Storex Flexible Poly Binders with Double Pockets",9,10.83,-2.00,-18.467221,2017-10-22,67
TEC-PH-10003800,"i.Sound Portable Power - 8000 mAh",9,413.31,-58.83,-14.233868,2017-10-22,67
OFF-AP-10002906,"Hoover Replacement Belt for Commercial Guardsman Heavy-Duty Upright Vacuum",6,9.76,0.44,4.508197,2017-10-23,66
OFF-PA-10003739,"Xerox 1969",2,11.56,5.66,48.961938,2017-10-23,66
OFF-EN-10003068,"#6 3/4 Gummed Flap White Envelopes",9,71.28,24.94,34.988777,2017-10-27,62
OFF-PA-10000300,"Xerox 1936",9,155.84,60.53,38.841119,2017-10-28,61
OFF-LA-10003077,"Avery 500",8,58.48,27.48,46.990424,2017-10-30,59
FUR-FU-10002508,"Document Clip Frames",6,45.04,16.01,35.546181,2017-11-02,56
TEC-CO-10003236,"Canon Image Class D660 Copier",7,3959.93,1691.97,42.727270,2017-11-03,55
TEC-AC-10000303,"Logitech M510 Wireless Mouse",7,239.94,52.39,21.834625,2017-11-04,54
TEC-MA-10004125,"Cubify CubeX 3D Printer Triple Head Print",4,7999.98,-3839.99,-47.999995,2017-11-04,54
TEC-PH-10002483,"Motorola Moto X",6,1631.95,142.80,8.750268,2017-11-04,54
OFF-PA-10000565,"Easy-staple paper",5,279.90,137.15,48.999643,2017-11-05,53
OFF-ST-10001414,"Decoflex Hanging Personal Folder File",3,46.26,12.03,26.005188,2017-11-06,52
OFF-AR-10001022,"SANFORD Liquid Accent Tank-Style Highlighters",5,14.20,4.40,30.985915,2017-11-06,52
OFF-AR-10001216,"Newell 339",10,26.69,6.11,22.892469,2017-11-06,52
TEC-AC-10002370,"Maxell CD-R Discs",9,15.76,3.70,23.477157,2017-11-07,51
OFF-AR-10002818,"Panasonic KP-310 Heavy-Duty Electric Pencil Sharpener",9,197.82,59.35,30.002022,2017-11-08,50
TEC-AC-10004666,"Maxell iVDR EX 500GB Cartridge",10,2755.40,1184.83,43.000290,2017-11-09,49
OFF-AR-10002221,"12 Colored Short Pencils",8,18.20,3.02,16.593407,2017-11-10,48
OFF-ST-10003324,"Belkin OmniView SE Rackmount Kit",7,248.36,0.00,0.000000,2017-11-11,47
OFF-AR-10000315,"Dixon Ticonderoga Maple Cedar Pencil, #2",8,23.33,4.91,21.045864,2017-11-12,46
TEC-AC-10004114,"KeyTronic 6101 Series - Keyboard - Black",10,360.71,127.07,35.227745,2017-11-13,45
TEC-MA-10002210,"Epson TM-T88V Direct Thermal Printer - Monochrome - Desktop",10,1212.71,-1057.23,-87.179128,2017-11-13,45
OFF-PA-10004092,"Tops Green Bar Computer Printout Paper",7,342.58,171.29,50.000000,2017-11-16,42
TEC-MA-10003173,"Hewlett-Packard 300S Scientific Calculator",10,131.10,60.30,45.995423,2017-11-16,42
FUR-BO-10002202,"Atlantic Metals Mobile 2-Shelf Bookcases, Custom Colors",3,400.02,-113.26,-28.313584,2017-11-17,41
OFF-PA-10003205,"Wirebound Message Forms, Four 2 3/4 x 5 Forms per Page, Pink Paper",5,35.95,14.30,39.777469,2017-11-17,41
OFF-PA-10002558,"Xerox 1938",7,268.24,93.88,34.998509,2017-11-17,41
OFF-PA-10001977,"Xerox 194",9,443.84,184.19,41.499189,2017-11-18,40
FUR-FU-10001967,"Telescoping Adjustable Floor Lamp",10,143.92,-5.99,-4.162034,2017-11-19,39
OFF-PA-10000308,"Xerox 1901",4,16.90,5.28,31.242604,2017-11-19,39
FUR-FU-10002685,"Executive Impressions 13-1/2" Indoor/Outdoor Wall Clock"",3,56.10,21.32,38.003565,2017-11-19,39
OFF-AR-10003876,"Avery Hi-Liter GlideStik Fluorescent Highlighter, Yellow Ink",9,26.08,9.65,37.001534,2017-11-19,39
OFF-AR-10004790,"Staples in misc. colors",5,47.88,3.00,6.265664,2017-11-20,38
OFF-PA-10001204,"Xerox 1972",10,46.47,17.42,37.486550,2017-11-21,37
TEC-MA-10002073,"3D Systems Cube Printer, 2nd Generation, White",3,2339.98,-468.00,-20.000171,2017-11-21,37
TEC-PH-10002844,"Speck Products Candyshell Flip Case",8,188.94,-18.20,-9.632688,2017-11-23,35
OFF-EN-10003448,"Peel & Seel Recycled Catalog Envelopes, Brown",9,88.01,35.90,40.790819,2017-11-24,34
OFF-AP-10003779,"Kensington 7 Outlet MasterPiece Power Center with Fax/Phone Line Protection",8,1473.11,311.22,21.126732,2017-11-30,28
TEC-PH-10001468,"Panasonic Business Telephones KX-T7736",3,546.06,163.82,30.000366,2017-11-30,28
FUR-FU-10003489,"Contemporary Borderless Frame",6,36.16,3.62,10.011062,2017-11-30,28
TEC-PH-10000586,"AT&T SB67148 SynJ",8,475.12,89.75,18.889965,2017-12-01,27
FUR-FU-10003798,"Ultra Door Kickplate, 8"H x 34""W"",10,158.24,27.70,17.505056,2017-12-01,27
TEC-PH-10004531,"AT&T CL2909",8,755.95,50.40,6.667108,2017-12-02,26
OFF-PA-10003729,"Xerox 1998",9,46.66,16.33,34.997857,2017-12-03,25
FUR-FU-10000820,"Tensor Brushed Steel Torchiere Floor Lamp",10,146.11,6.79,4.647184,2017-12-03,25
TEC-AC-10004595,"First Data TMFD35 PIN Pad",4,571.20,119.95,20.999650,2017-12-04,24
TEC-MA-10001856,"Okidata C610n Printer",2,649.00,-272.58,-42.000000,2017-12-04,24
FUR-FU-10002506,"Tensor "Hersey Kiss"" Styled Floor Lamp"",8,93.53,2.08,2.223885,2017-12-04,24
OFF-ST-10003221,"Staple magnet",5,53.40,14.42,27.003745,2017-12-06,22
OFF-AP-10003590,"Hoover WindTunnel Plus Canister Vacuum",9,3051.30,697.44,22.857143,2017-12-08,20
FUR-FU-10002703,"Tenex Traditional Chairmats for Hard Floors, Average Lip, 36" x 48"""",4,180.46,-46.40,-25.712069,2017-12-08,20
OFF-AP-10002670,"Belkin 8-Outlet Premiere SurgeMaster II Surge Protectors",4,277.92,83.37,29.997841,2017-12-08,20
OFF-PA-10004965,"Xerox 1921",7,55.94,17.49,31.265642,2017-12-09,19
TEC-PH-10001918,"Nortel Business Series Terminal T7208 Digital phone",9,1000.73,100.08,10.000699,2017-12-09,19
OFF-BI-10000279,"Acco Recycled 2" Capacity Laser Printer Hanging Data Binders"",10,85.26,8.67,10.168895,2017-12-09,19
OFF-AR-10000799,"Col-Erase Pencils with Erasers",7,37.70,7.48,19.840849,2017-12-10,18
OFF-EN-10003160,"Pastel Pink Envelopes",9,65.52,31.44,47.985348,2017-12-11,17
OFF-AP-10001634,"Hoover Commercial Lightweight Upright Vacuum",8,18.09,-2.51,-13.875069,2017-12-11,17
FUR-FU-10002963,"Master Caster Door Stop, Gray",10,47.75,14.22,29.780105,2017-12-14,14
TEC-PH-10000675,"Panasonic KX TS3282B Corded phone",9,590.34,44.28,7.500762,2017-12-15,13
OFF-ST-10002276,"Safco Steel Mobile File Cart",9,683.55,120.87,17.682686,2017-12-17,11
OFF-SU-10002557,"Fiskars Spring-Action Scissors",6,75.49,13.42,17.777189,2017-12-17,11
FUR-BO-10002206,"Bush Saratoga Collection 5-Shelf Bookcase, Hanover Cherry, *Special Order",1,119.83,-12.69,-10.590003,2017-12-18,10
OFF-AR-10002280,"Staples in misc. colors",9,54.35,22.32,41.067157,2017-12-18,10
OFF-EN-10002621,"Staple envelope",9,78.23,34.22,43.742810,2017-12-22,6
FUR-BO-10003660,"Bush Cubix Collection Bookcases, Fully Assembled",4,729.23,48.62,6.667307,2017-12-22,6
OFF-AR-10001118,"Binney & Smith Crayola Metallic Crayons, 16-Color Pack",5,16.18,6.74,41.656366,2017-12-23,5
OFF-PA-10001994,"Ink Jet Note and Greeting Cards, 8-1/2" x 5-1/2"" Card Size"",6,121.39,48.55,39.995057,2017-12-23,5
OFF-PA-10004381,"14-7/8 x 11 Blue Bar Computer Printout Paper",10,422.76,172.94,40.907371,2017-12-25,3
TEC-MA-10004626,"Lexmark 20R1285 X6650 Wireless All-in-One Printer",6,600.00,218.40,36.400000,2017-12-25,3
OFF-BI-10000494,"Acco Economy Flexible Poly Round Ring Binder",6,11.48,-5.74,-50.000000,2017-12-26,2
OFF-AR-10004707,"Staples in misc. colors",4,9.92,3.47,34.979839,2017-12-28,0
FUR-FU-10004093,"Hand-Finished Solid Wood Document Frame",8,260.15,68.47,26.319431,2017-12-29,-1
OFF-AR-10003696,"Panasonic KP-350BK Electric Pencil Sharpener with Auto Stop",4,124.49,26.28,21.110129,2017-12-29,-1
OFF-FA-10000089,"Acco Glide Clips",5,19.60,9.60,48.979592,2017-12-29,-1
